uniqueID	waterbody	sample	site	rep	band	rrs	sd
ClearLake_20190807-P1S1_1	ClearLake_20190807	P1S1_1	P1S1	1	b07_620	0.014174764474486642	2.980660708617854e-4
ClearLake_20190807-P1S1_1	ClearLake_20190807	P1S1_1	P1S1	1	b08_665	0.009849121344452217	8.389797137819631e-4
ClearLake_20190807-P1S1_1	ClearLake_20190807	P1S1_1	P1S1	1	b10_681	0.008424583354274323	3.08051874569452e-4
ClearLake_20190807-P1S1_1	ClearLake_20190807	P1S1_1	P1S1	1	b11_709	0.013429149029587506	9.306306390360514e-4
ClearLake_20190807-P1S1_2	ClearLake_20190807	P1S1_2	P1S1	2	b07_620	0.014121426773602005	2.9188864961389986e-4
ClearLake_20190807-P1S1_2	ClearLake_20190807	P1S1_2	P1S1	2	b08_665	0.00986570619442086	8.188405009003199e-4
ClearLake_20190807-P1S1_2	ClearLake_20190807	P1S1_2	P1S1	2	b10_681	0.008505867077660052	3.0203471323601405e-4
ClearLake_20190807-P1S1_2	ClearLake_20190807	P1S1_2	P1S1	2	b11_709	0.013190677784890349	9.386975906785267e-4
ClearLake_20190807-P1S1_3	ClearLake_20190807	P1S1_3	P1S1	3	b07_620	0.013387143888827521	2.807210466927189e-4
ClearLake_20190807-P1S1_3	ClearLake_20190807	P1S1_3	P1S1	3	b08_665	0.00927306816177164	7.780945550986986e-4
ClearLake_20190807-P1S1_3	ClearLake_20190807	P1S1_3	P1S1	3	b10_681	0.007980114291410137	2.9071202990977387e-4
ClearLake_20190807-P1S1_3	ClearLake_20190807	P1S1_3	P1S1	3	b11_709	0.012378501274813998	8.879523875380031e-4
ClearLake_20190807-P1S2_1	ClearLake_20190807	P1S2_1	P1S2	1	b07_620	0.015414530820464864	3.1774940799235787e-4
ClearLake_20190807-P1S2_1	ClearLake_20190807	P1S2_1	P1S2	1	b08_665	0.010638024912908323	8.843085466489021e-4
ClearLake_20190807-P1S2_1	ClearLake_20190807	P1S2_1	P1S2	1	b10_681	0.009152568377798565	3.2647091043273786e-4
ClearLake_20190807-P1S2_1	ClearLake_20190807	P1S2_1	P1S2	1	b11_709	0.013924951138407651	0.0010242732450767445
ClearLake_20190807-P1S2_2	ClearLake_20190807	P1S2_2	P1S2	2	b07_620	0.012977250195856197	2.722379136174207e-4
ClearLake_20190807-P1S2_2	ClearLake_20190807	P1S2_2	P1S2	2	b08_665	0.008881518527809237	7.343224790184068e-4
ClearLake_20190807-P1S2_2	ClearLake_20190807	P1S2_2	P1S2	2	b10_681	0.007636788316676737	2.657891443693929e-4
ClearLake_20190807-P1S2_2	ClearLake_20190807	P1S2_2	P1S2	2	b11_709	0.011486406909703973	8.4771215146144e-4
ClearLake_20190807-P1S2_3	ClearLake_20190807	P1S2_3	P1S2	3	b07_620	0.013847323696707877	2.923622510318908e-4
ClearLake_20190807-P1S2_3	ClearLake_20190807	P1S2_3	P1S2	3	b08_665	0.009517209895091772	7.699983102956608e-4
ClearLake_20190807-P1S2_3	ClearLake_20190807	P1S2_3	P1S2	3	b10_681	0.008229480638007844	2.825350074593005e-4
ClearLake_20190807-P1S2_3	ClearLake_20190807	P1S2_3	P1S2	3	b11_709	0.012083273162532977	9.067145548337158e-4
ClearLake_20190807-P1S3_1	ClearLake_20190807	P1S3_1	P1S3	1	b07_620	0.01362301648779081	2.871052529760522e-4
ClearLake_20190807-P1S3_1	ClearLake_20190807	P1S3_1	P1S3	1	b08_665	0.009200760280109927	7.434835033089056e-4
ClearLake_20190807-P1S3_1	ClearLake_20190807	P1S3_1	P1S3	1	b10_681	0.007976828627609745	2.7430399074485236e-4
ClearLake_20190807-P1S3_1	ClearLake_20190807	P1S3_1	P1S3	1	b11_709	0.011604675986126417	8.630260190283712e-4
ClearLake_20190807-P1S3_2	ClearLake_20190807	P1S3_2	P1S3	2	b07_620	0.014247339484031498	3.0315863795554916e-4
ClearLake_20190807-P1S3_2	ClearLake_20190807	P1S3_2	P1S3	2	b08_665	0.009542046023441587	7.833123522724507e-4
ClearLake_20190807-P1S3_2	ClearLake_20190807	P1S3_2	P1S3	2	b10_681	0.008223814170753888	2.866683215990249e-4
ClearLake_20190807-P1S3_2	ClearLake_20190807	P1S3_2	P1S3	2	b11_709	0.012031764658250023	8.845154164025287e-4
ClearLake_20190807-P1S3_3	ClearLake_20190807	P1S3_3	P1S3	3	b07_620	0.014129560270567096	3.041361209315946e-4
ClearLake_20190807-P1S3_3	ClearLake_20190807	P1S3_3	P1S3	3	b08_665	0.009479460906986804	7.54921230408667e-4
ClearLake_20190807-P1S3_3	ClearLake_20190807	P1S3_3	P1S3	3	b10_681	0.008191970119159578	2.717328969172761e-4
ClearLake_20190807-P1S3_3	ClearLake_20190807	P1S3_3	P1S3	3	b11_709	0.011644381958792548	8.737337748923691e-4
ClearLake_20190807-P2S1_1	ClearLake_20190807	P2S1_1	P2S1	1	b07_620	0.014909531219153824	2.4779624200984456e-4
ClearLake_20190807-P2S1_1	ClearLake_20190807	P2S1_1	P2S1	1	b08_665	0.010463709292112645	8.058308161668316e-4
ClearLake_20190807-P2S1_1	ClearLake_20190807	P2S1_1	P2S1	1	b10_681	0.009312017035427106	3.335095862516071e-4
ClearLake_20190807-P2S1_1	ClearLake_20190807	P2S1_1	P2S1	1	b11_709	0.014299402581495127	7.832192705543023e-4
ClearLake_20190807-P2S1_2	ClearLake_20190807	P2S1_2	P2S1	2	b07_620	0.01375039899404141	2.8888105678960026e-4
ClearLake_20190807-P2S1_2	ClearLake_20190807	P2S1_2	P2S1	2	b08_665	0.00877458811146487	8.337794928865635e-4
ClearLake_20190807-P2S1_2	ClearLake_20190807	P2S1_2	P2S1	2	b10_681	0.007484934805031243	3.0359944996151113e-4
ClearLake_20190807-P2S1_2	ClearLake_20190807	P2S1_2	P2S1	2	b11_709	0.01253732577203115	7.48009879223947e-4
ClearLake_20190807-P2S1_3	ClearLake_20190807	P2S1_3	P2S1	3	b07_620	0.012793594504555104	2.65883446773073e-4
ClearLake_20190807-P2S1_3	ClearLake_20190807	P2S1_3	P2S1	3	b08_665	0.008280837830967313	7.60544474714804e-4
ClearLake_20190807-P2S1_3	ClearLake_20190807	P2S1_3	P2S1	3	b10_681	0.007101975014662821	2.8190485467864543e-4
ClearLake_20190807-P2S1_3	ClearLake_20190807	P2S1_3	P2S1	3	b11_709	0.011465583880116544	7.198096576654338e-4
ClearLake_20190807-P2S2_1	ClearLake_20190807	P2S2_1	P2S2	1	b07_620	0.012977283253021502	2.6610836093658995e-4
ClearLake_20190807-P2S2_1	ClearLake_20190807	P2S2_1	P2S2	1	b08_665	0.00831229419715033	7.92653695531488e-4
ClearLake_20190807-P2S2_1	ClearLake_20190807	P2S2_1	P2S2	1	b10_681	0.007136769236906092	3.0576703326630424e-4
ClearLake_20190807-P2S2_1	ClearLake_20190807	P2S2_1	P2S2	1	b11_709	0.012001434105038093	7.211308848078155e-4
ClearLake_20190807-P2S2_2	ClearLake_20190807	P2S2_2	P2S2	2	b07_620	0.013770128648758002	2.893054585562798e-4
ClearLake_20190807-P2S2_2	ClearLake_20190807	P2S2_2	P2S2	2	b08_665	0.008796664810827083	8.266854093863366e-4
ClearLake_20190807-P2S2_2	ClearLake_20190807	P2S2_2	P2S2	2	b10_681	0.0075652074587196465	3.1262138042296506e-4
ClearLake_20190807-P2S2_2	ClearLake_20190807	P2S2_2	P2S2	2	b11_709	0.012442645775046664	7.725207891086043e-4
ClearLake_20190807-P2S2_3	ClearLake_20190807	P2S2_3	P2S2	3	b07_620	0.013628556095287462	2.8982103229260593e-4
ClearLake_20190807-P2S2_3	ClearLake_20190807	P2S2_3	P2S2	3	b08_665	0.008681499239777082	8.517277894931864e-4
ClearLake_20190807-P2S2_3	ClearLake_20190807	P2S2_3	P2S2	3	b10_681	0.0074141421559528	3.2310864315949816e-4
ClearLake_20190807-P2S2_3	ClearLake_20190807	P2S2_3	P2S2	3	b11_709	0.012858592782738033	7.451755488373556e-4
ClearLake_20190807-P2S3_1	ClearLake_20190807	P2S3_1	P2S3	1	b07_620	0.014816508759375688	3.2894602671260537e-4
ClearLake_20190807-P2S3_1	ClearLake_20190807	P2S3_1	P2S3	1	b08_665	0.009183480756757425	9.034182486312111e-4
ClearLake_20190807-P2S3_1	ClearLake_20190807	P2S3_1	P2S3	1	b10_681	0.007826600091765896	3.409279419671597e-4
ClearLake_20190807-P2S3_1	ClearLake_20190807	P2S3_1	P2S3	1	b11_709	0.013532692232748583	7.980403729565646e-4
ClearLake_20190807-P2S3_2	ClearLake_20190807	P2S3_2	P2S3	2	b07_620	0.01472639059671021	3.3771099262187913e-4
ClearLake_20190807-P2S3_2	ClearLake_20190807	P2S3_2	P2S3	2	b08_665	0.009056914370193868	8.75505765211871e-4
ClearLake_20190807-P2S3_2	ClearLake_20190807	P2S3_2	P2S3	2	b10_681	0.0077089926873501365	3.1936441440677044e-4
ClearLake_20190807-P2S3_2	ClearLake_20190807	P2S3_2	P2S3	2	b11_709	0.012951965375967569	7.860817862161437e-4
ClearLake_20190807-P2S3_3	ClearLake_20190807	P2S3_3	P2S3	3	b07_620	0.01458865136739155	3.2173457521732793e-4
ClearLake_20190807-P2S3_3	ClearLake_20190807	P2S3_3	P2S3	3	b08_665	0.00901846224780472	8.880245394008404e-4
ClearLake_20190807-P2S3_3	ClearLake_20190807	P2S3_3	P2S3	3	b10_681	0.007657096203090381	3.33819660355697e-4
ClearLake_20190807-P2S3_3	ClearLake_20190807	P2S3_3	P2S3	3	b11_709	0.013197021166697506	7.783192558637954e-4
ClearLake_20190807-P3S1_1	ClearLake_20190807	P3S1_1	P3S1	1	b07_620	0.012471223697977301	2.5574689825118394e-4
ClearLake_20190807-P3S1_1	ClearLake_20190807	P3S1_1	P3S1	1	b08_665	0.0083803860492743	5.791087501183872e-4
ClearLake_20190807-P3S1_1	ClearLake_20190807	P3S1_1	P3S1	1	b10_681	0.007435799815593327	2.0977928937137414e-4
ClearLake_20190807-P3S1_1	ClearLake_20190807	P3S1_1	P3S1	1	b11_709	0.009082299226346811	7.387110682369717e-4
ClearLake_20190807-P3S1_2	ClearLake_20190807	P3S1_2	P3S1	2	b07_620	0.012428486839773385	2.4258249154812637e-4
ClearLake_20190807-P3S1_2	ClearLake_20190807	P3S1_2	P3S1	2	b08_665	0.008412837569398623	5.803306472678174e-4
ClearLake_20190807-P3S1_2	ClearLake_20190807	P3S1_2	P3S1	2	b10_681	0.007503177833690899	2.2023268920083085e-4
ClearLake_20190807-P3S1_2	ClearLake_20190807	P3S1_2	P3S1	2	b11_709	0.009200604873325758	7.472492241423977e-4
ClearLake_20190807-P3S1_3	ClearLake_20190807	P3S1_3	P3S1	3	b07_620	0.012510047117141734	2.4861246942882524e-4
ClearLake_20190807-P3S1_3	ClearLake_20190807	P3S1_3	P3S1	3	b08_665	0.008469490839360619	5.781829581302651e-4
ClearLake_20190807-P3S1_3	ClearLake_20190807	P3S1_3	P3S1	3	b10_681	0.007570441267257395	2.201939948045495e-4
ClearLake_20190807-P3S1_3	ClearLake_20190807	P3S1_3	P3S1	3	b11_709	0.009268043074220338	7.469425050747821e-4
ClearLake_20190807-P3S2_1	ClearLake_20190807	P3S2_1	P3S2	1	b07_620	0.012371960492859786	2.4605673744928873e-4
ClearLake_20190807-P3S2_1	ClearLake_20190807	P3S2_1	P3S2	1	b08_665	0.008408842604524593	5.60746268514514e-4
ClearLake_20190807-P3S2_1	ClearLake_20190807	P3S2_1	P3S2	1	b10_681	0.007517602642041593	2.1476257214007006e-4
ClearLake_20190807-P3S2_1	ClearLake_20190807	P3S2_1	P3S2	1	b11_709	0.008981518034104182	7.496062264771529e-4
ClearLake_20190807-P3S2_2	ClearLake_20190807	P3S2_2	P3S2	2	b07_620	0.012490942186065264	2.5256399671776055e-4
ClearLake_20190807-P3S2_2	ClearLake_20190807	P3S2_2	P3S2	2	b08_665	0.008423405606817555	5.575797027551373e-4
ClearLake_20190807-P3S2_2	ClearLake_20190807	P3S2_2	P3S2	2	b10_681	0.007519857354559407	2.052009150238877e-4
ClearLake_20190807-P3S2_2	ClearLake_20190807	P3S2_2	P3S2	2	b11_709	0.008859676895119399	7.41191328502701e-4
ClearLake_20190807-P3S2_3	ClearLake_20190807	P3S2_3	P3S2	3	b07_620	0.012538675285805516	2.58766559176932e-4
ClearLake_20190807-P3S2_3	ClearLake_20190807	P3S2_3	P3S2	3	b08_665	0.008508065653435475	5.555358738895709e-4
ClearLake_20190807-P3S2_3	ClearLake_20190807	P3S2_3	P3S2	3	b10_681	0.007569279664023927	2.0567840050968454e-4
ClearLake_20190807-P3S2_3	ClearLake_20190807	P3S2_3	P3S2	3	b11_709	0.008844382298332691	7.425868222937813e-4
ClearLake_20190807-P3S3_1	ClearLake_20190807	P3S3_1	P3S3	1	b07_620	0.01327327114698754	2.808014303303427e-4
ClearLake_20190807-P3S3_1	ClearLake_20190807	P3S3_1	P3S3	1	b08_665	0.009059045317976307	6.026678050878317e-4
ClearLake_20190807-P3S3_1	ClearLake_20190807	P3S3_1	P3S3	1	b10_681	0.008052497644738999	2.1368165749451046e-4
ClearLake_20190807-P3S3_1	ClearLake_20190807	P3S3_1	P3S3	1	b11_709	0.009678743206570811	7.933300012528582e-4
ClearLake_20190807-P3S3_2	ClearLake_20190807	P3S3_2	P3S3	2	b07_620	0.013294221779418356	2.9529404780553994e-4
ClearLake_20190807-P3S3_2	ClearLake_20190807	P3S3_2	P3S3	2	b08_665	0.008982024578308982	5.938864797933115e-4
ClearLake_20190807-P3S3_2	ClearLake_20190807	P3S3_2	P3S3	2	b10_681	0.007950562686913638	2.0674672303576318e-4
ClearLake_20190807-P3S3_2	ClearLake_20190807	P3S3_2	P3S3	2	b11_709	0.009361634196322433	7.767280018392188e-4
ClearLake_20190807-P3S3_3	ClearLake_20190807	P3S3_3	P3S3	3	b07_620	0.012997550335083763	2.7927287782354785e-4
ClearLake_20190807-P3S3_3	ClearLake_20190807	P3S3_3	P3S3	3	b08_665	0.008892279198427815	5.958495721085454e-4
ClearLake_20190807-P3S3_3	ClearLake_20190807	P3S3_3	P3S3	3	b10_681	0.007877028766269148	2.113601828641803e-4
ClearLake_20190807-P3S3_3	ClearLake_20190807	P3S3_3	P3S3	3	b11_709	0.009546354551453749	7.793619995457954e-4
ClearLake_20190816-CL03C_1	ClearLake_20190816	CL03C_1	CL03C	1	b07_620	0.008479238203477889	1.6033684182578355e-4
ClearLake_20190816-CL03C_1	ClearLake_20190816	CL03C_1	CL03C	1	b08_665	0.005993222134232516	5.462704649223959e-4
ClearLake_20190816-CL03C_1	ClearLake_20190816	CL03C_1	CL03C	1	b10_681	0.005339995098405476	2.2926061121068833e-4
ClearLake_20190816-CL03C_1	ClearLake_20190816	CL03C_1	CL03C	1	b11_709	0.00851666461742414	6.172025941157807e-4
ClearLake_20190816-CL03C_2	ClearLake_20190816	CL03C_2	CL03C	2	b07_620	0.010584384578117681	1.9550950085193915e-4
ClearLake_20190816-CL03C_2	ClearLake_20190816	CL03C_2	CL03C	2	b08_665	0.007466589722221513	7.003911447361779e-4
ClearLake_20190816-CL03C_2	ClearLake_20190816	CL03C_2	CL03C	2	b10_681	0.006524336789007446	2.6416460971667385e-4
ClearLake_20190816-CL03C_2	ClearLake_20190816	CL03C_2	CL03C	2	b11_709	0.010890210077845774	7.466309076877019e-4
ClearLake_20190816-CL03C_3	ClearLake_20190816	CL03C_3	CL03C	3	b07_620	0.008384630377848855	1.5235608771353303e-4
ClearLake_20190816-CL03C_3	ClearLake_20190816	CL03C_3	CL03C	3	b08_665	0.00600434339793831	5.686046530681111e-4
ClearLake_20190816-CL03C_3	ClearLake_20190816	CL03C_3	CL03C	3	b10_681	0.00527571522784335	2.3416801781854112e-4
ClearLake_20190816-CL03C_3	ClearLake_20190816	CL03C_3	CL03C	3	b11_709	0.00894673735368419	6.224235664813609e-4
ClearLake_20190816-CL03C_4	ClearLake_20190816	CL03C_4	CL03C	4	b07_620	0.008940396335536956	1.649668086220101e-4
ClearLake_20190816-CL03C_4	ClearLake_20190816	CL03C_4	CL03C	4	b08_665	0.006358655872304329	6.139002219878924e-4
ClearLake_20190816-CL03C_4	ClearLake_20190816	CL03C_4	CL03C	4	b10_681	0.005536649043481042	2.4903549662015536e-4
ClearLake_20190816-CL03C_4	ClearLake_20190816	CL03C_4	CL03C	4	b11_709	0.009646649724627143	6.614952354989267e-4
ClearLake_20190816-CL03F_1	ClearLake_20190816	CL03F_1	CL03F	1	b07_620	0.009924515712749684	1.7932671627725447e-4
ClearLake_20190816-CL03F_1	ClearLake_20190816	CL03F_1	CL03F	1	b08_665	0.007193060673959581	7.4039306790516e-4
ClearLake_20190816-CL03F_1	ClearLake_20190816	CL03F_1	CL03F	1	b10_681	0.006368495532282874	3.4188786520036364e-4
ClearLake_20190816-CL03F_1	ClearLake_20190816	CL03F_1	CL03F	1	b11_709	0.011997589694441382	8.04622626594204e-4
ClearLake_20190816-CL03F_2	ClearLake_20190816	CL03F_2	CL03F	2	b07_620	0.010037019340538966	1.8612398724129423e-4
ClearLake_20190816-CL03F_2	ClearLake_20190816	CL03F_2	CL03F	2	b08_665	0.007040483364946764	7.007248771990194e-4
ClearLake_20190816-CL03F_2	ClearLake_20190816	CL03F_2	CL03F	2	b10_681	0.00624439345071705	3.1623465133790926e-4
ClearLake_20190816-CL03F_2	ClearLake_20190816	CL03F_2	CL03F	2	b11_709	0.011226073954263017	7.778788327101162e-4
ClearLake_20190816-CL03F_3	ClearLake_20190816	CL03F_3	CL03F	3	b07_620	0.009850683313513652	1.7769017956056576e-4
ClearLake_20190816-CL03F_3	ClearLake_20190816	CL03F_3	CL03F	3	b08_665	0.006995272608280723	6.450987380585816e-4
ClearLake_20190816-CL03F_3	ClearLake_20190816	CL03F_3	CL03F	3	b10_681	0.006381268327406834	3.1353789876744715e-4
ClearLake_20190816-CL03F_3	ClearLake_20190816	CL03F_3	CL03F	3	b11_709	0.010491354092903332	7.677819373935413e-4
ClearLake_20190816-LA03C_1	ClearLake_20190816	LA03C_1	LA03C	1	b07_620	0.01178312175606346	2.161459359570702e-4
ClearLake_20190816-LA03C_1	ClearLake_20190816	LA03C_1	LA03C	1	b08_665	0.007996804674059903	6.737774383586327e-4
ClearLake_20190816-LA03C_1	ClearLake_20190816	LA03C_1	LA03C	1	b10_681	0.007449486612589521	3.183319156864677e-4
ClearLake_20190816-LA03C_1	ClearLake_20190816	LA03C_1	LA03C	1	b11_709	0.010894357091267357	8.805610841144659e-4
ClearLake_20190816-LA03C_2	ClearLake_20190816	LA03C_2	LA03C	2	b07_620	0.012047316945856893	2.2657051087493995e-4
ClearLake_20190816-LA03C_2	ClearLake_20190816	LA03C_2	LA03C	2	b08_665	0.008140522632696877	7.024915941221088e-4
ClearLake_20190816-LA03C_2	ClearLake_20190816	LA03C_2	LA03C	2	b10_681	0.0075688307658388155	3.3262815194053634e-4
ClearLake_20190816-LA03C_2	ClearLake_20190816	LA03C_2	LA03C	2	b11_709	0.01129423069600768	8.978840708512145e-4
ClearLake_20190816-LA03C_4	ClearLake_20190816	LA03C_4	LA03C	4	b07_620	0.012194844836819293	2.2950026123536585e-4
ClearLake_20190816-LA03C_4	ClearLake_20190816	LA03C_4	LA03C	4	b08_665	0.008161141881359996	6.913625635702841e-4
ClearLake_20190816-LA03C_4	ClearLake_20190816	LA03C_4	LA03C	4	b10_681	0.00758384111205465	3.251409653168807e-4
ClearLake_20190816-LA03C_4	ClearLake_20190816	LA03C_4	LA03C	4	b11_709	0.011044551978893296	9.085037159773796e-4
ClearLake_20190816-LA03D_1	ClearLake_20190816	LA03D_1	LA03D	1	b07_620	0.011538830059608207	2.1712407259350964e-4
ClearLake_20190816-LA03D_1	ClearLake_20190816	LA03D_1	LA03D	1	b08_665	0.007825905914266839	5.524464753284446e-4
ClearLake_20190816-LA03D_1	ClearLake_20190816	LA03D_1	LA03D	1	b10_681	0.0074006113284850695	2.62794679570905e-4
ClearLake_20190816-LA03D_1	ClearLake_20190816	LA03D_1	LA03D	1	b11_709	0.009116057951010368	8.582567096782331e-4
ClearLake_20190816-LA03D_2	ClearLake_20190816	LA03D_2	LA03D	2	b07_620	0.011745554644856732	2.2102270280468297e-4
ClearLake_20190816-LA03D_2	ClearLake_20190816	LA03D_2	LA03D	2	b08_665	0.008036077775585142	5.640128878019624e-4
ClearLake_20190816-LA03D_2	ClearLake_20190816	LA03D_2	LA03D	2	b10_681	0.00761691002919937	2.7252269158479836e-4
ClearLake_20190816-LA03D_2	ClearLake_20190816	LA03D_2	LA03D	2	b11_709	0.00944645472419569	8.837490590335862e-4
ClearLake_20190816-LA03D_3	ClearLake_20190816	LA03D_3	LA03D	3	b07_620	0.011446495941713632	2.0982627582078115e-4
ClearLake_20190816-LA03D_3	ClearLake_20190816	LA03D_3	LA03D	3	b08_665	0.007857853192729178	5.499837971564999e-4
ClearLake_20190816-LA03D_3	ClearLake_20190816	LA03D_3	LA03D	3	b10_681	0.007459700504865113	2.70647389338649e-4
ClearLake_20190816-LA03D_3	ClearLake_20190816	LA03D_3	LA03D	3	b11_709	0.009323872312077845	8.762013059245325e-4
ClearLake_20190816-OA04C_1	ClearLake_20190816	OA04C_1	OA04C	1	b07_620	0.0161065308182528	3.6298137491134797e-4
ClearLake_20190816-OA04C_1	ClearLake_20190816	OA04C_1	OA04C	1	b08_665	0.011741888192506617	7.67353984886489e-4
ClearLake_20190816-OA04C_1	ClearLake_20190816	OA04C_1	OA04C	1	b10_681	0.01107653907184878	4.1282156289917894e-4
ClearLake_20190816-OA04C_1	ClearLake_20190816	OA04C_1	OA04C	1	b11_709	0.014569036724370134	0.0012781827936526654
ClearLake_20190816-OA04C_2	ClearLake_20190816	OA04C_2	OA04C	2	b07_620	0.017489388306051894	3.9394238524156894e-4
ClearLake_20190816-OA04C_2	ClearLake_20190816	OA04C_2	OA04C	2	b08_665	0.012787594002854036	8.411759342630769e-4
ClearLake_20190816-OA04C_2	ClearLake_20190816	OA04C_2	OA04C	2	b10_681	0.011990931514083153	4.489573128705382e-4
ClearLake_20190816-OA04C_2	ClearLake_20190816	OA04C_2	OA04C	2	b11_709	0.01608017219934785	0.0013848204248218994
ClearLake_20190816-OA04C_3	ClearLake_20190816	OA04C_3	OA04C	3	b07_620	0.017073680248974103	3.833560836599022e-4
ClearLake_20190816-OA04C_3	ClearLake_20190816	OA04C_3	OA04C	3	b08_665	0.012472171259942365	8.287608806085138e-4
ClearLake_20190816-OA04C_3	ClearLake_20190816	OA04C_3	OA04C	3	b10_681	0.011706854043408616	4.443562360639021e-4
ClearLake_20190816-OA04C_3	ClearLake_20190816	OA04C_3	OA04C	3	b11_709	0.01565780020197734	0.001365358823386002
ClearLake_20190816-OA04D_1	ClearLake_20190816	OA04D_1	OA04D	1	b07_620	0.016569212412979366	3.9250707716574954e-4
ClearLake_20190816-OA04D_1	ClearLake_20190816	OA04D_1	OA04D	1	b08_665	0.011847448073028066	7.886588784557352e-4
ClearLake_20190816-OA04D_1	ClearLake_20190816	OA04D_1	OA04D	1	b10_681	0.011090329474316464	3.9169870743783466e-4
ClearLake_20190816-OA04D_1	ClearLake_20190816	OA04D_1	OA04D	1	b11_709	0.014442644899421337	0.0012842195307872918
ClearLake_20190816-OA04D_2	ClearLake_20190816	OA04D_2	OA04D	2	b07_620	0.01582043109886359	3.7796884035889094e-4
ClearLake_20190816-OA04D_2	ClearLake_20190816	OA04D_2	OA04D	2	b08_665	0.011388936776995411	7.601679440925318e-4
ClearLake_20190816-OA04D_2	ClearLake_20190816	OA04D_2	OA04D	2	b10_681	0.010706013301105804	3.9911024817960305e-4
ClearLake_20190816-OA04D_2	ClearLake_20190816	OA04D_2	OA04D	2	b11_709	0.01421506648966896	0.0012734102119108814
ClearLake_20190816-OA04D_3	ClearLake_20190816	OA04D_3	OA04D	3	b07_620	0.015380417087026322	3.5062602658028483e-4
ClearLake_20190816-OA04D_3	ClearLake_20190816	OA04D_3	OA04D	3	b08_665	0.011249821358311828	7.27993086882187e-4
ClearLake_20190816-OA04D_3	ClearLake_20190816	OA04D_3	OA04D	3	b10_681	0.010711230299877528	4.1275173118085625e-4
ClearLake_20190816-OA04D_3	ClearLake_20190816	OA04D_3	OA04D	3	b11_709	0.014125306087149344	0.0012175606567908829
ClearLake_20191008-CL03C_1	ClearLake_20191008	CL03C_1	CL03C	1	b07_620	0.013438552522634603	1.6253614394792277e-4
ClearLake_20191008-CL03C_1	ClearLake_20191008	CL03C_1	CL03C	1	b08_665	0.00948653070578574	3.954513629407606e-4
ClearLake_20191008-CL03C_1	ClearLake_20191008	CL03C_1	CL03C	1	b10_681	0.010182325398774984	3.7530272486053915e-4
ClearLake_20191008-CL03C_1	ClearLake_20191008	CL03C_1	CL03C	1	b11_709	0.011634089352645479	7.520774285152644e-4
ClearLake_20191008-CL03C_2	ClearLake_20191008	CL03C_2	CL03C	2	b07_620	0.016996041354720486	2.469929847451078e-4
ClearLake_20191008-CL03C_2	ClearLake_20191008	CL03C_2	CL03C	2	b08_665	0.011122596812929606	6.098677808911509e-4
ClearLake_20191008-CL03C_2	ClearLake_20191008	CL03C_2	CL03C	2	b10_681	0.011866685731684165	5.233633158863031e-4
ClearLake_20191008-CL03C_2	ClearLake_20191008	CL03C_2	CL03C	2	b11_709	0.014291483285103676	0.0010877878951027977
ClearLake_20191008-CL03C_3	ClearLake_20191008	CL03C_3	CL03C	3	b07_620	0.016301317281082493	1.8004131988415997e-4
ClearLake_20191008-CL03C_3	ClearLake_20191008	CL03C_3	CL03C	3	b08_665	0.011889464538571608	4.5335705968402393e-4
ClearLake_20191008-CL03C_3	ClearLake_20191008	CL03C_3	CL03C	3	b10_681	0.012558441731283973	4.082207714745394e-4
ClearLake_20191008-CL03C_3	ClearLake_20191008	CL03C_3	CL03C	3	b11_709	0.014310240785920627	8.42545174146517e-4
ClearLake_20191008-LA03C_1	ClearLake_20191008	LA03C_1	LA03C	1	b07_620	0.014246302283035164	2.3761957138961905e-4
ClearLake_20191008-LA03C_1	ClearLake_20191008	LA03C_1	LA03C	1	b08_665	0.008378252225571039	4.4339150989311683e-4
ClearLake_20191008-LA03C_1	ClearLake_20191008	LA03C_1	LA03C	1	b10_681	0.009572835323798795	4.864234978623052e-4
ClearLake_20191008-LA03C_1	ClearLake_20191008	LA03C_1	LA03C	1	b11_709	0.010678798255478775	9.57676879327206e-4
ClearLake_20191008-LA03C_2	ClearLake_20191008	LA03C_2	LA03C	2	b07_620	0.013417748043430135	2.1726425199271782e-4
ClearLake_20191008-LA03C_2	ClearLake_20191008	LA03C_2	LA03C	2	b08_665	0.007925013408082382	4.399205864692975e-4
ClearLake_20191008-LA03C_2	ClearLake_20191008	LA03C_2	LA03C	2	b10_681	0.008783080121011894	4.253148122700119e-4
ClearLake_20191008-LA03C_2	ClearLake_20191008	LA03C_2	LA03C	2	b11_709	0.00979406221227147	8.943969473792815e-4
ClearLake_20191008-LA03C_3	ClearLake_20191008	LA03C_3	LA03C	3	b07_620	0.01091670598207723	2.0432742745490047e-4
ClearLake_20191008-LA03C_3	ClearLake_20191008	LA03C_3	LA03C	3	b08_665	0.006306199690915475	3.842982514205739e-4
ClearLake_20191008-LA03C_3	ClearLake_20191008	LA03C_3	LA03C	3	b10_681	0.007055678958967783	3.7358740216935336e-4
ClearLake_20191008-LA03C_3	ClearLake_20191008	LA03C_3	LA03C	3	b11_709	0.007911250349100455	7.429884230412248e-4
ClearLake_20191008-OA04C_1	ClearLake_20191008	OA04C_1	OA04C	1	b07_620	0.01354922209632926	2.754805349163105e-4
ClearLake_20191008-OA04C_1	ClearLake_20191008	OA04C_1	OA04C	1	b08_665	0.007638802557126288	4.7059112233877764e-4
ClearLake_20191008-OA04C_1	ClearLake_20191008	OA04C_1	OA04C	1	b10_681	0.008862058954960065	5.210669705717324e-4
ClearLake_20191008-OA04C_1	ClearLake_20191008	OA04C_1	OA04C	1	b11_709	0.01204982535819992	9.72579559256037e-4
ClearLake_20191008-OA04C_2	ClearLake_20191008	OA04C_2	OA04C	2	b07_620	0.013567724637288227	2.694429785205705e-4
ClearLake_20191008-OA04C_2	ClearLake_20191008	OA04C_2	OA04C	2	b08_665	0.007661925096335688	4.716348592727554e-4
ClearLake_20191008-OA04C_2	ClearLake_20191008	OA04C_2	OA04C	2	b10_681	0.008875475245046154	5.164202647197666e-4
ClearLake_20191008-OA04C_2	ClearLake_20191008	OA04C_2	OA04C	2	b11_709	0.011922211294022647	9.685541410065857e-4
ClearLake_20191008-OA04C_3	ClearLake_20191008	OA04C_3	OA04C	3	b07_620	0.01347037142949064	2.599989733654192e-4
ClearLake_20191008-OA04C_3	ClearLake_20191008	OA04C_3	OA04C	3	b08_665	0.007667968475812043	4.736314748960654e-4
ClearLake_20191008-OA04C_3	ClearLake_20191008	OA04C_3	OA04C	3	b10_681	0.008831179141957328	5.028369949508838e-4
ClearLake_20191008-OA04C_3	ClearLake_20191008	OA04C_3	OA04C	3	b11_709	0.011786367460010683	9.68504812063718e-4
ClearLake_20191008-UA06C_1	ClearLake_20191008	UA06C_1	UA06C	1	b07_620	0.015675682380320213	3.2612506718659025e-4
ClearLake_20191008-UA06C_1	ClearLake_20191008	UA06C_1	UA06C	1	b08_665	0.009113661462117544	5.841925893606367e-4
ClearLake_20191008-UA06C_1	ClearLake_20191008	UA06C_1	UA06C	1	b10_681	0.009827089032008022	4.939265924948875e-4
ClearLake_20191008-UA06C_1	ClearLake_20191008	UA06C_1	UA06C	1	b11_709	0.0121715942761908	0.0011282569412125107
ClearLake_20191008-UA06C_2	ClearLake_20191008	UA06C_2	UA06C	2	b07_620	0.015032325514482164	3.2360417202648286e-4
ClearLake_20191008-UA06C_2	ClearLake_20191008	UA06C_2	UA06C	2	b08_665	0.008460234767568636	5.636779618421092e-4
ClearLake_20191008-UA06C_2	ClearLake_20191008	UA06C_2	UA06C	2	b10_681	0.009603277210627419	5.625312016732842e-4
ClearLake_20191008-UA06C_2	ClearLake_20191008	UA06C_2	UA06C	2	b11_709	0.012300904600799037	0.0010974206916807207
ClearLake_20191008-UA06C_3	ClearLake_20191008	UA06C_3	UA06C	3	b07_620	0.01485192528831239	3.1005749676371055e-4
ClearLake_20191008-UA06C_3	ClearLake_20191008	UA06C_3	UA06C	3	b08_665	0.008518475592000323	5.540650853890828e-4
ClearLake_20191008-UA06C_3	ClearLake_20191008	UA06C_3	UA06C	3	b10_681	0.009385117812184636	4.971052085526339e-4
ClearLake_20191008-UA06C_3	ClearLake_20191008	UA06C_3	UA06C	3	b11_709	0.011492325124735832	0.0010392270371520525
ClearLake_20191008-UA07C_1	ClearLake_20191008	UA07C_1	UA07C	1	b07_620	0.012139125752369102	2.5643171753081135e-4
ClearLake_20191008-UA07C_1	ClearLake_20191008	UA07C_1	UA07C	1	b08_665	0.007078617894215044	4.913619062494147e-4
ClearLake_20191008-UA07C_1	ClearLake_20191008	UA07C_1	UA07C	1	b10_681	0.007649190416607805	3.971256432306007e-4
ClearLake_20191008-UA07C_1	ClearLake_20191008	UA07C_1	UA07C	1	b11_709	0.009095972167611415	8.22396755261522e-4
ClearLake_20191008-UA07C_2	ClearLake_20191008	UA07C_2	UA07C	2	b07_620	0.014540448260776077	2.991351012118866e-4
ClearLake_20191008-UA07C_2	ClearLake_20191008	UA07C_2	UA07C	2	b08_665	0.008529529565205788	5.88794667395069e-4
ClearLake_20191008-UA07C_2	ClearLake_20191008	UA07C_2	UA07C	2	b10_681	0.009151811718380873	4.6359243311019157e-4
ClearLake_20191008-UA07C_2	ClearLake_20191008	UA07C_2	UA07C	2	b11_709	0.01078559612712008	9.839456293822585e-4
ClearLake_20191008-UA07C_3	ClearLake_20191008	UA07C_3	UA07C	3	b07_620	0.014566789093917731	3.040602115189341e-4
ClearLake_20191008-UA07C_3	ClearLake_20191008	UA07C_3	UA07C	3	b08_665	0.00855698358620359	5.910594724871428e-4
ClearLake_20191008-UA07C_3	ClearLake_20191008	UA07C_3	UA07C	3	b10_681	0.009144746435245361	4.616340746911703e-4
ClearLake_20191008-UA07C_3	ClearLake_20191008	UA07C_3	UA07C	3	b11_709	0.010784883653754714	9.85055677803083e-4
LakeAlmanor_20190815-P1S1_1	LakeAlmanor_20190815	P1S1_1	P1S1	1	b07_620	0.008350807123914838	1.455787221408698e-4
LakeAlmanor_20190815-P1S1_1	LakeAlmanor_20190815	P1S1_1	P1S1	1	b08_665	0.00545921640857274	1.6641129159579974e-4
LakeAlmanor_20190815-P1S1_1	LakeAlmanor_20190815	P1S1_1	P1S1	1	b10_681	0.005042685240419519	2.0056623944702497e-5
LakeAlmanor_20190815-P1S1_1	LakeAlmanor_20190815	P1S1_1	P1S1	1	b11_709	0.0029535256726601375	3.481765589425324e-4
LakeAlmanor_20190815-P1S1_2	LakeAlmanor_20190815	P1S1_2	P1S1	2	b07_620	0.007923881730523157	1.3474586543187116e-4
LakeAlmanor_20190815-P1S1_2	LakeAlmanor_20190815	P1S1_2	P1S1	2	b08_665	0.005163594778540821	1.590805695944311e-4
LakeAlmanor_20190815-P1S1_2	LakeAlmanor_20190815	P1S1_2	P1S1	2	b10_681	0.004786620442534689	1.3499866628906022e-5
LakeAlmanor_20190815-P1S1_2	LakeAlmanor_20190815	P1S1_2	P1S1	2	b11_709	0.0028114911714686554	3.3811135599606747e-4
LakeAlmanor_20190815-P1S1_3	LakeAlmanor_20190815	P1S1_3	P1S1	3	b07_620	0.0077256973611100396	1.326031271955065e-4
LakeAlmanor_20190815-P1S1_3	LakeAlmanor_20190815	P1S1_3	P1S1	3	b08_665	0.005018133979803217	1.5622710725143125e-4
LakeAlmanor_20190815-P1S1_3	LakeAlmanor_20190815	P1S1_3	P1S1	3	b10_681	0.00461764752135062	1.639931075699557e-5
LakeAlmanor_20190815-P1S1_3	LakeAlmanor_20190815	P1S1_3	P1S1	3	b11_709	0.0027089396077929736	3.2538050199403115e-4
LakeAlmanor_20190815-P1S2_1	LakeAlmanor_20190815	P1S2_1	P1S2	1	b07_620	0.006866171382523963	1.294694540873094e-4
LakeAlmanor_20190815-P1S2_1	LakeAlmanor_20190815	P1S2_1	P1S2	1	b08_665	0.004511405007928734	1.1446567162995907e-4
LakeAlmanor_20190815-P1S2_1	LakeAlmanor_20190815	P1S2_1	P1S2	1	b10_681	0.004217261168430434	2.0553431746432342e-5
LakeAlmanor_20190815-P1S2_1	LakeAlmanor_20190815	P1S2_1	P1S2	1	b11_709	0.002480848487073378	2.666950454853406e-4
LakeAlmanor_20190815-P1S2_2	LakeAlmanor_20190815	P1S2_2	P1S2	2	b07_620	0.007198210009380513	1.399636198877566e-4
LakeAlmanor_20190815-P1S2_2	LakeAlmanor_20190815	P1S2_2	P1S2	2	b08_665	0.004705794892808691	1.2145741201187655e-4
LakeAlmanor_20190815-P1S2_2	LakeAlmanor_20190815	P1S2_2	P1S2	2	b10_681	0.004406654467188568	1.7378496363243542e-5
LakeAlmanor_20190815-P1S2_2	LakeAlmanor_20190815	P1S2_2	P1S2	2	b11_709	0.0025769107973332155	2.7760456498996967e-4
LakeAlmanor_20190815-P1S2_3	LakeAlmanor_20190815	P1S2_3	P1S2	3	b07_620	0.0070228835511490255	1.3360675368760328e-4
LakeAlmanor_20190815-P1S2_3	LakeAlmanor_20190815	P1S2_3	P1S2	3	b08_665	0.004610007339703323	1.2129265180848408e-4
LakeAlmanor_20190815-P1S2_3	LakeAlmanor_20190815	P1S2_3	P1S2	3	b10_681	0.004288655690824252	1.9741651740839255e-5
LakeAlmanor_20190815-P1S2_3	LakeAlmanor_20190815	P1S2_3	P1S2	3	b11_709	0.002513694801204662	2.7303029660394974e-4
LakeAlmanor_20190815-P1S3_1	LakeAlmanor_20190815	P1S3_1	P1S3	1	b07_620	0.006659289618910735	1.215292780084904e-4
LakeAlmanor_20190815-P1S3_1	LakeAlmanor_20190815	P1S3_1	P1S3	1	b08_665	0.004433789427858751	1.1008586793267716e-4
LakeAlmanor_20190815-P1S3_1	LakeAlmanor_20190815	P1S3_1	P1S3	1	b10_681	0.004125324501160841	2.26237789799009e-5
LakeAlmanor_20190815-P1S3_1	LakeAlmanor_20190815	P1S3_1	P1S3	1	b11_709	0.0024399328511051453	2.603124590229031e-4
LakeAlmanor_20190815-P1S3_2	LakeAlmanor_20190815	P1S3_2	P1S3	2	b07_620	0.006758501467399959	1.228904821602535e-4
LakeAlmanor_20190815-P1S3_2	LakeAlmanor_20190815	P1S3_2	P1S3	2	b08_665	0.004512993462430969	1.1255116958308087e-4
LakeAlmanor_20190815-P1S3_2	LakeAlmanor_20190815	P1S3_2	P1S3	2	b10_681	0.004197686293249732	2.209325673104982e-5
LakeAlmanor_20190815-P1S3_2	LakeAlmanor_20190815	P1S3_2	P1S3	2	b11_709	0.002478184204459241	2.663516956336285e-4
LakeAlmanor_20190815-P1S3_3	LakeAlmanor_20190815	P1S3_3	P1S3	3	b07_620	0.006921664843120141	1.2505777964686948e-4
LakeAlmanor_20190815-P1S3_3	LakeAlmanor_20190815	P1S3_3	P1S3	3	b08_665	0.004624744959287263	1.1824862423503203e-4
LakeAlmanor_20190815-P1S3_3	LakeAlmanor_20190815	P1S3_3	P1S3	3	b10_681	0.004294705110990372	2.476114143960094e-5
LakeAlmanor_20190815-P1S3_3	LakeAlmanor_20190815	P1S3_3	P1S3	3	b11_709	0.002544071091595491	2.7196489726204795e-4
LakeAlmanor_20190815-P2S1_1	LakeAlmanor_20190815	P2S1_1	P2S1	1	b07_620	0.006847082779438944	1.3602542594896107e-4
LakeAlmanor_20190815-P2S1_1	LakeAlmanor_20190815	P2S1_1	P2S1	1	b08_665	0.004416400206902997	1.2484665551151715e-4
LakeAlmanor_20190815-P2S1_1	LakeAlmanor_20190815	P2S1_1	P2S1	1	b10_681	0.004067214716233678	2.7206933711712775e-5
LakeAlmanor_20190815-P2S1_1	LakeAlmanor_20190815	P2S1_1	P2S1	1	b11_709	0.002349895164160572	2.5666771815685026e-4
LakeAlmanor_20190815-P2S1_2	LakeAlmanor_20190815	P2S1_2	P2S1	2	b07_620	0.006434956242635222	1.245611992982824e-4
LakeAlmanor_20190815-P2S1_2	LakeAlmanor_20190815	P2S1_2	P2S1	2	b08_665	0.004178118325708446	1.1348871159415874e-4
LakeAlmanor_20190815-P2S1_2	LakeAlmanor_20190815	P2S1_2	P2S1	2	b10_681	0.0038743000061364414	2.109779448945431e-5
LakeAlmanor_20190815-P2S1_2	LakeAlmanor_20190815	P2S1_2	P2S1	2	b11_709	0.002259561360147619	2.459158344430214e-4
LakeAlmanor_20190815-P2S1_3	LakeAlmanor_20190815	P2S1_3	P2S1	3	b07_620	0.00686883873043467	1.3390983248904646e-4
LakeAlmanor_20190815-P2S1_3	LakeAlmanor_20190815	P2S1_3	P2S1	3	b08_665	0.0044509070196085115	1.265644793405929e-4
LakeAlmanor_20190815-P2S1_3	LakeAlmanor_20190815	P2S1_3	P2S1	3	b10_681	0.00409552452450864	2.642399848285291e-5
LakeAlmanor_20190815-P2S1_3	LakeAlmanor_20190815	P2S1_3	P2S1	3	b11_709	0.0024002403604671653	2.5792382520581776e-4
LakeAlmanor_20190815-P2S2_1	LakeAlmanor_20190815	P2S2_1	P2S2	1	b07_620	0.006880023337415594	1.334907114747376e-4
LakeAlmanor_20190815-P2S2_1	LakeAlmanor_20190815	P2S2_1	P2S2	1	b08_665	0.004459256971228877	1.2317535353541348e-4
LakeAlmanor_20190815-P2S2_1	LakeAlmanor_20190815	P2S2_1	P2S2	1	b10_681	0.0041048421723308675	2.3097157484255125e-5
LakeAlmanor_20190815-P2S2_1	LakeAlmanor_20190815	P2S2_1	P2S2	1	b11_709	0.002385301471190181	2.622277955675098e-4
LakeAlmanor_20190815-P2S2_2	LakeAlmanor_20190815	P2S2_2	P2S2	2	b07_620	0.006455548849204461	1.2979683823009436e-4
LakeAlmanor_20190815-P2S2_2	LakeAlmanor_20190815	P2S2_2	P2S2	2	b08_665	0.004135599181757643	1.2244297141009736e-4
LakeAlmanor_20190815-P2S2_2	LakeAlmanor_20190815	P2S2_2	P2S2	2	b10_681	0.003790068529601042	1.965794832769689e-5
LakeAlmanor_20190815-P2S2_2	LakeAlmanor_20190815	P2S2_2	P2S2	2	b11_709	0.002227351879980894	2.4324692430604443e-4
LakeAlmanor_20190815-P2S2_3	LakeAlmanor_20190815	P2S2_3	P2S2	3	b07_620	0.006612450018239267	1.3467780595132663e-4
LakeAlmanor_20190815-P2S2_3	LakeAlmanor_20190815	P2S2_3	P2S2	3	b08_665	0.004234225716613396	1.24119550681282e-4
LakeAlmanor_20190815-P2S2_3	LakeAlmanor_20190815	P2S2_3	P2S2	3	b10_681	0.0038739054489515465	2.3441419712023828e-5
LakeAlmanor_20190815-P2S2_3	LakeAlmanor_20190815	P2S2_3	P2S2	3	b11_709	0.0022699995153600146	2.5004702918231253e-4
LakeAlmanor_20190815-P2S3_1	LakeAlmanor_20190815	P2S3_1	P2S3	1	b07_620	0.00706680613522977	1.3331558497699572e-4
LakeAlmanor_20190815-P2S3_1	LakeAlmanor_20190815	P2S3_1	P2S3	1	b08_665	0.004627484926530722	1.2111874433239478e-4
LakeAlmanor_20190815-P2S3_1	LakeAlmanor_20190815	P2S3_1	P2S3	1	b10_681	0.004302397919606125	2.637983119321985e-5
LakeAlmanor_20190815-P2S3_1	LakeAlmanor_20190815	P2S3_1	P2S3	1	b11_709	0.00249351158273147	2.7183030495205344e-4
LakeAlmanor_20190815-P2S3_2	LakeAlmanor_20190815	P2S3_2	P2S3	2	b07_620	0.006766891955820362	1.3116531270425646e-4
LakeAlmanor_20190815-P2S3_2	LakeAlmanor_20190815	P2S3_2	P2S3	2	b08_665	0.004404257826432657	1.1957192606999743e-4
LakeAlmanor_20190815-P2S3_2	LakeAlmanor_20190815	P2S3_2	P2S3	2	b10_681	0.004084014349117435	2.6439864358261224e-5
LakeAlmanor_20190815-P2S3_2	LakeAlmanor_20190815	P2S3_2	P2S3	2	b11_709	0.002370424415430665	2.5742310173994986e-4
LakeAlmanor_20190815-P2S3_3	LakeAlmanor_20190815	P2S3_3	P2S3	3	b07_620	0.006810720145696069	1.3365428369696252e-4
LakeAlmanor_20190815-P2S3_3	LakeAlmanor_20190815	P2S3_3	P2S3	3	b08_665	0.004434966095049721	1.1501693453027268e-4
LakeAlmanor_20190815-P2S3_3	LakeAlmanor_20190815	P2S3_3	P2S3	3	b10_681	0.004115579683435038	2.9172237557405365e-5
LakeAlmanor_20190815-P2S3_3	LakeAlmanor_20190815	P2S3_3	P2S3	3	b11_709	0.0023655437969881	2.5852553353638587e-4
LakeAlmanor_20190815-P3S1_1	LakeAlmanor_20190815	P3S1_1	P3S1	1	b07_620	0.004775910419263567	1.0800360308461186e-4
LakeAlmanor_20190815-P3S1_1	LakeAlmanor_20190815	P3S1_1	P3S1	1	b08_665	0.0030253482743406706	7.467157400112822e-5
LakeAlmanor_20190815-P3S1_1	LakeAlmanor_20190815	P3S1_1	P3S1	1	b10_681	0.0027895474296335846	2.9327657973866075e-5
LakeAlmanor_20190815-P3S1_1	LakeAlmanor_20190815	P3S1_1	P3S1	1	b11_709	0.0015522343231096905	1.687796747758893e-4
LakeAlmanor_20190815-P3S1_2	LakeAlmanor_20190815	P3S1_2	P3S1	2	b07_620	0.004589683660208707	1.049424117154019e-4
LakeAlmanor_20190815-P3S1_2	LakeAlmanor_20190815	P3S1_2	P3S1	2	b08_665	0.00288975307006751	7.305514419728857e-5
LakeAlmanor_20190815-P3S1_2	LakeAlmanor_20190815	P3S1_2	P3S1	2	b10_681	0.0026607373294902856	2.7737926629391144e-5
LakeAlmanor_20190815-P3S1_2	LakeAlmanor_20190815	P3S1_2	P3S1	2	b11_709	0.0014799917991630354	1.5982646950709839e-4
LakeAlmanor_20190815-P3S1_3	LakeAlmanor_20190815	P3S1_3	P3S1	3	b07_620	0.004492972986779256	9.821350431550172e-5
LakeAlmanor_20190815-P3S1_3	LakeAlmanor_20190815	P3S1_3	P3S1	3	b08_665	0.002851667910793417	7.046509687489208e-5
LakeAlmanor_20190815-P3S1_3	LakeAlmanor_20190815	P3S1_3	P3S1	3	b10_681	0.002639877734764838	2.6252137053402314e-5
LakeAlmanor_20190815-P3S1_3	LakeAlmanor_20190815	P3S1_3	P3S1	3	b11_709	0.001466327524508303	1.6158872479782546e-4
LakeAlmanor_20190815-P3S2_1	LakeAlmanor_20190815	P3S2_1	P3S2	1	b07_620	0.004379996013972492	9.72616984317244e-5
LakeAlmanor_20190815-P3S2_1	LakeAlmanor_20190815	P3S2_1	P3S2	1	b08_665	0.002737242102789085	7.207488300913825e-5
LakeAlmanor_20190815-P3S2_1	LakeAlmanor_20190815	P3S2_1	P3S2	1	b10_681	0.0025232736581269474	2.5130487567336956e-5
LakeAlmanor_20190815-P3S2_1	LakeAlmanor_20190815	P3S2_1	P3S2	1	b11_709	0.001404487945228158	1.5586075862742874e-4
LakeAlmanor_20190815-P3S2_2	LakeAlmanor_20190815	P3S2_2	P3S2	2	b07_620	0.0046874112956610415	1.0763660848611194e-4
LakeAlmanor_20190815-P3S2_2	LakeAlmanor_20190815	P3S2_2	P3S2	2	b08_665	0.0029014547532180473	8.089575096115786e-5
LakeAlmanor_20190815-P3S2_2	LakeAlmanor_20190815	P3S2_2	P3S2	2	b10_681	0.002659324845760819	2.641345167864998e-5
LakeAlmanor_20190815-P3S2_2	LakeAlmanor_20190815	P3S2_2	P3S2	2	b11_709	0.0014848915820108962	1.6328251785048425e-4
LakeAlmanor_20190815-P3S2_3	LakeAlmanor_20190815	P3S2_3	P3S2	3	b07_620	0.004530484143512335	1.0536345949034662e-4
LakeAlmanor_20190815-P3S2_3	LakeAlmanor_20190815	P3S2_3	P3S2	3	b08_665	0.002797372153836768	8.122627206671505e-5
LakeAlmanor_20190815-P3S2_3	LakeAlmanor_20190815	P3S2_3	P3S2	3	b10_681	0.0025537317038955773	2.7508320398976828e-5
LakeAlmanor_20190815-P3S2_3	LakeAlmanor_20190815	P3S2_3	P3S2	3	b11_709	0.001433509870010433	1.5461792719324095e-4
LakeAlmanor_20190815-P3S3_1	LakeAlmanor_20190815	P3S3_1	P3S3	1	b07_620	0.004684010968906309	1.1013244783438254e-4
LakeAlmanor_20190815-P3S3_1	LakeAlmanor_20190815	P3S3_1	P3S3	1	b08_665	0.002925606001620514	7.213279216087354e-5
LakeAlmanor_20190815-P3S3_1	LakeAlmanor_20190815	P3S3_1	P3S3	1	b10_681	0.0026823761834566667	3.149890601906826e-5
LakeAlmanor_20190815-P3S3_1	LakeAlmanor_20190815	P3S3_1	P3S3	1	b11_709	0.001509914946121257	1.5558374804536224e-4
LakeAlmanor_20190815-P3S3_2	LakeAlmanor_20190815	P3S3_2	P3S3	2	b07_620	0.004426939557670794	9.961444411605822e-5
LakeAlmanor_20190815-P3S3_2	LakeAlmanor_20190815	P3S3_2	P3S3	2	b08_665	0.002774767146008804	6.594449845490759e-5
LakeAlmanor_20190815-P3S3_2	LakeAlmanor_20190815	P3S3_2	P3S3	2	b10_681	0.0025695066306382235	2.7284030484129782e-5
LakeAlmanor_20190815-P3S3_2	LakeAlmanor_20190815	P3S3_2	P3S3	2	b11_709	0.0014271462990930958	1.5696655872947856e-4
LakeAlmanor_20190815-P3S3_3	LakeAlmanor_20190815	P3S3_3	P3S3	3	b07_620	0.004601925988236329	1.0374688112393828e-4
LakeAlmanor_20190815-P3S3_3	LakeAlmanor_20190815	P3S3_3	P3S3	3	b08_665	0.002872744228937464	7.056500525070582e-5
LakeAlmanor_20190815-P3S3_3	LakeAlmanor_20190815	P3S3_3	P3S3	3	b10_681	0.00265507354199999	2.697580136013993e-5
LakeAlmanor_20190815-P3S3_3	LakeAlmanor_20190815	P3S3_3	P3S3	3	b11_709	0.001464311313387917	1.6309472392795737e-4
LakeSanAntonio_20190801-P1S1_1	LakeSanAntonio_20190801	P1S1_1	P1S1	1	b07_620	0.022081389865128268	3.9285608085113944e-4
LakeSanAntonio_20190801-P1S1_1	LakeSanAntonio_20190801	P1S1_1	P1S1	1	b08_665	0.015475798020714995	0.0011613332026349059
LakeSanAntonio_20190801-P1S1_1	LakeSanAntonio_20190801	P1S1_1	P1S1	1	b10_681	0.0148561271933237	6.734525078220198e-4
LakeSanAntonio_20190801-P1S1_1	LakeSanAntonio_20190801	P1S1_1	P1S1	1	b11_709	0.02369913323008058	0.0017795596020590931
LakeSanAntonio_20190801-P1S1_2	LakeSanAntonio_20190801	P1S1_2	P1S1	2	b07_620	0.02233933921335182	4.004550212188878e-4
LakeSanAntonio_20190801-P1S1_2	LakeSanAntonio_20190801	P1S1_2	P1S1	2	b08_665	0.015302955393737815	0.0012120880890314656
LakeSanAntonio_20190801-P1S1_2	LakeSanAntonio_20190801	P1S1_2	P1S1	2	b10_681	0.014768276513842086	7.215174983596927e-4
LakeSanAntonio_20190801-P1S1_2	LakeSanAntonio_20190801	P1S1_2	P1S1	2	b11_709	0.024987742333293206	0.001810046989513768
LakeSanAntonio_20190801-P1S1_3	LakeSanAntonio_20190801	P1S1_3	P1S1	3	b07_620	0.020806445934746287	3.573328199312942e-4
LakeSanAntonio_20190801-P1S1_3	LakeSanAntonio_20190801	P1S1_3	P1S1	3	b08_665	0.014441450152209436	0.001100489033049289
LakeSanAntonio_20190801-P1S1_3	LakeSanAntonio_20190801	P1S1_3	P1S1	3	b10_681	0.014122296279187412	7.017229600155051e-4
LakeSanAntonio_20190801-P1S1_3	LakeSanAntonio_20190801	P1S1_3	P1S1	3	b11_709	0.02348411937274852	0.0017131553077901198
LakeSanAntonio_20190801-P1S2_1	LakeSanAntonio_20190801	P1S2_1	P1S2	1	b07_620	0.02254616224784916	3.5923101236332765e-4
LakeSanAntonio_20190801-P1S2_1	LakeSanAntonio_20190801	P1S2_1	P1S2	1	b08_665	0.01589618845933032	0.0011352338718091893
LakeSanAntonio_20190801-P1S2_1	LakeSanAntonio_20190801	P1S2_1	P1S2	1	b10_681	0.01524183068728213	6.625491679765179e-4
LakeSanAntonio_20190801-P1S2_1	LakeSanAntonio_20190801	P1S2_1	P1S2	1	b11_709	0.024455864602443856	0.0018434899858742642
LakeSanAntonio_20190801-P1S2_2	LakeSanAntonio_20190801	P1S2_2	P1S2	2	b07_620	0.021912784114734928	3.613433780019357e-4
LakeSanAntonio_20190801-P1S2_2	LakeSanAntonio_20190801	P1S2_2	P1S2	2	b08_665	0.01539756724902387	0.0011068454186011999
LakeSanAntonio_20190801-P1S2_2	LakeSanAntonio_20190801	P1S2_2	P1S2	2	b10_681	0.014755179923265456	6.37321348078645e-4
LakeSanAntonio_20190801-P1S2_2	LakeSanAntonio_20190801	P1S2_2	P1S2	2	b11_709	0.023480104808702065	0.0018060924563227292
LakeSanAntonio_20190801-P1S2_3	LakeSanAntonio_20190801	P1S2_3	P1S2	3	b07_620	0.022120409573688445	3.633522563573647e-4
LakeSanAntonio_20190801-P1S2_3	LakeSanAntonio_20190801	P1S2_3	P1S2	3	b08_665	0.015243687871865126	0.0011328976371898318
LakeSanAntonio_20190801-P1S2_3	LakeSanAntonio_20190801	P1S2_3	P1S2	3	b10_681	0.014535938226597985	0.00063662083127246315
LakeSanAntonio_20190801-P1S2_3	LakeSanAntonio_20190801	P1S2_3	P1S2	3	b11_709	0.023675070954435433	0.0018561560521273492
LakeSanAntonio_20190801-P1S3_1	LakeSanAntonio_20190801	P1S3_1	P1S3	1	b07_620	0.02100242630039722	3.423102449873764e-4
LakeSanAntonio_20190801-P1S3_1	LakeSanAntonio_20190801	P1S3_1	P1S3	1	b08_665	0.014599432067445453	0.0010560134542921054
LakeSanAntonio_20190801-P1S3_1	LakeSanAntonio_20190801	P1S3_1	P1S3	1	b10_681	0.01405410512457679	6.232779236948268e-4
LakeSanAntonio_20190801-P1S3_1	LakeSanAntonio_20190801	P1S3_1	P1S3	1	b11_709	0.022641530936862643	0.0017298358020728154
LakeSanAntonio_20190801-P1S3_2	LakeSanAntonio_20190801	P1S3_2	P1S3	2	b07_620	0.022970968675950342	3.6888582811590766e-4
LakeSanAntonio_20190801-P1S3_2	LakeSanAntonio_20190801	P1S3_2	P1S3	2	b08_665	0.016053145045794862	0.0011432962800854603
LakeSanAntonio_20190801-P1S3_2	LakeSanAntonio_20190801	P1S3_2	P1S3	2	b10_681	0.015346043033851382	6.613242410766658e-4
LakeSanAntonio_20190801-P1S3_2	LakeSanAntonio_20190801	P1S3_2	P1S3	2	b11_709	0.024212007640022057	0.0019148121147821917
LakeSanAntonio_20190801-P1S3_3	LakeSanAntonio_20190801	P1S3_3	P1S3	3	b07_620	0.022146246501194948	3.628212144942238e-4
LakeSanAntonio_20190801-P1S3_3	LakeSanAntonio_20190801	P1S3_3	P1S3	3	b08_665	0.015286103769604993	0.001109289435120712
LakeSanAntonio_20190801-P1S3_3	LakeSanAntonio_20190801	P1S3_3	P1S3	3	b10_681	0.01466564519122891	6.509101107727071e-4
LakeSanAntonio_20190801-P1S3_3	LakeSanAntonio_20190801	P1S3_3	P1S3	3	b11_709	0.023633980659116538	0.001869593229884841
LakeSanAntonio_20190801-P2S1_1	LakeSanAntonio_20190801	P2S1_1	P2S1	1	b07_620	0.01779417166539025	3.028433476154749e-4
LakeSanAntonio_20190801-P2S1_1	LakeSanAntonio_20190801	P2S1_1	P2S1	1	b08_665	0.011316088182725864	8.116902739292683e-4
LakeSanAntonio_20190801-P2S1_1	LakeSanAntonio_20190801	P2S1_1	P2S1	1	b10_681	0.0112919025035795	5.295647479944648e-4
LakeSanAntonio_20190801-P2S1_1	LakeSanAntonio_20190801	P2S1_1	P2S1	1	b11_709	0.015866454685151927	0.0014051352922570728
LakeSanAntonio_20190801-P2S1_2	LakeSanAntonio_20190801	P2S1_2	P2S1	2	b07_620	0.017081362981119907	2.8311386157791636e-4
LakeSanAntonio_20190801-P2S1_2	LakeSanAntonio_20190801	P2S1_2	P2S1	2	b08_665	0.01110948120990861	7.72506941508307e-4
LakeSanAntonio_20190801-P2S1_2	LakeSanAntonio_20190801	P2S1_2	P2S1	2	b10_681	0.011078504671848847	5.126864307728167e-4
LakeSanAntonio_20190801-P2S1_2	LakeSanAntonio_20190801	P2S1_2	P2S1	2	b11_709	0.015002448815131424	0.0013696915043073315
LakeSanAntonio_20190801-P2S1_3	LakeSanAntonio_20190801	P2S1_3	P2S1	3	b07_620	0.017967900633542283	3.042089501229065e-4
LakeSanAntonio_20190801-P2S1_3	LakeSanAntonio_20190801	P2S1_3	P2S1	3	b08_665	0.011699419875748674	7.988171921831944e-4
LakeSanAntonio_20190801-P2S1_3	LakeSanAntonio_20190801	P2S1_3	P2S1	3	b10_681	0.01157663038430178	5.076697515234894e-4
LakeSanAntonio_20190801-P2S1_3	LakeSanAntonio_20190801	P2S1_3	P2S1	3	b11_709	0.01559406554206034	0.001417749898449738
LakeSanAntonio_20190801-P2S2_1	LakeSanAntonio_20190801	P2S2_1	P2S2	1	b07_620	0.008765292958882086	1.4377254090556789e-4
LakeSanAntonio_20190801-P2S2_1	LakeSanAntonio_20190801	P2S2_1	P2S2	1	b08_665	0.005746075155325067	3.8863764721925524e-4
LakeSanAntonio_20190801-P2S2_1	LakeSanAntonio_20190801	P2S2_1	P2S2	1	b10_681	0.005713012654401947	2.508267908121739e-4
LakeSanAntonio_20190801-P2S2_1	LakeSanAntonio_20190801	P2S2_1	P2S2	1	b11_709	0.007685622758237643	6.994063951129833e-4
LakeSanAntonio_20190801-P2S2_2	LakeSanAntonio_20190801	P2S2_2	P2S2	2	b07_620	0.008885994045501769	1.4204114297931698e-4
LakeSanAntonio_20190801-P2S2_2	LakeSanAntonio_20190801	P2S2_2	P2S2	2	b08_665	0.005801322116637337	3.8872011533794986e-4
LakeSanAntonio_20190801-P2S2_2	LakeSanAntonio_20190801	P2S2_2	P2S2	2	b10_681	0.005778757469025476	2.567140767610441e-4
LakeSanAntonio_20190801-P2S2_2	LakeSanAntonio_20190801	P2S2_2	P2S2	2	b11_709	0.007824724394200988	7.126864525740955e-4
LakeSanAntonio_20190801-P2S2_3	LakeSanAntonio_20190801	P2S2_3	P2S2	3	b07_620	0.00813135287525735	1.3065070767286083e-4
LakeSanAntonio_20190801-P2S2_3	LakeSanAntonio_20190801	P2S2_3	P2S2	3	b08_665	0.005383648186289376	3.4543981227411186e-4
LakeSanAntonio_20190801-P2S2_3	LakeSanAntonio_20190801	P2S2_3	P2S2	3	b10_681	0.005460435970397215	2.509116758296999e-4
LakeSanAntonio_20190801-P2S2_3	LakeSanAntonio_20190801	P2S2_3	P2S2	3	b11_709	0.007286026165839279	6.553671508574404e-4
LakeSanAntonio_20190801-P2S3_1	LakeSanAntonio_20190801	P2S3_1	P2S3	1	b07_620	0.007864086944249157	1.2698208055315858e-4
LakeSanAntonio_20190801-P2S3_1	LakeSanAntonio_20190801	P2S3_1	P2S3	1	b08_665	0.005342779363733371	3.3226195000917e-4
LakeSanAntonio_20190801-P2S3_1	LakeSanAntonio_20190801	P2S3_1	P2S3	1	b10_681	0.005318329155780165	2.2187038352736803e-4
LakeSanAntonio_20190801-P2S3_1	LakeSanAntonio_20190801	P2S3_1	P2S3	1	b11_709	0.006472649816573995	6.061635896691895e-4
LakeSanAntonio_20190801-P2S3_2	LakeSanAntonio_20190801	P2S3_2	P2S3	2	b07_620	0.01768761482762222	3.065538725440018e-4
LakeSanAntonio_20190801-P2S3_2	LakeSanAntonio_20190801	P2S3_2	P2S3	2	b08_665	0.01177136758725058	7.477203841928624e-4
LakeSanAntonio_20190801-P2S3_2	LakeSanAntonio_20190801	P2S3_2	P2S3	2	b10_681	0.011596260516738689	4.670414519839278e-4
LakeSanAntonio_20190801-P2S3_2	LakeSanAntonio_20190801	P2S3_2	P2S3	2	b11_709	0.014193847750880024	0.001320257085853509
LakeSanAntonio_20190801-P2S3_3	LakeSanAntonio_20190801	P2S3_3	P2S3	3	b07_620	0.01781013854649202	2.815142218790618e-4
LakeSanAntonio_20190801-P2S3_3	LakeSanAntonio_20190801	P2S3_3	P2S3	3	b08_665	0.01210054397407131	7.489102923795497e-4
LakeSanAntonio_20190801-P2S3_3	LakeSanAntonio_20190801	P2S3_3	P2S3	3	b10_681	0.01196120922655223	4.8199278223971326e-4
LakeSanAntonio_20190801-P2S3_3	LakeSanAntonio_20190801	P2S3_3	P2S3	3	b11_709	0.014594817502417545	0.001349043555785557
LakeSanAntonio_20190801-P3S1_1	LakeSanAntonio_20190801	P3S1_1	P3S1	1	b07_620	0.01822480324003324	2.8990762133591317e-4
LakeSanAntonio_20190801-P3S1_1	LakeSanAntonio_20190801	P3S1_1	P3S1	1	b08_665	0.011657854197811825	8.037355111669045e-4
LakeSanAntonio_20190801-P3S1_1	LakeSanAntonio_20190801	P3S1_1	P3S1	1	b10_681	0.01192832894687211	6.035689450821447e-4
LakeSanAntonio_20190801-P3S1_1	LakeSanAntonio_20190801	P3S1_1	P3S1	1	b11_709	0.017619235747651184	0.0014846619319861425
LakeSanAntonio_20190801-P3S1_2	LakeSanAntonio_20190801	P3S1_2	P3S1	2	b07_620	0.018824730038008424	2.982206551494223e-4
LakeSanAntonio_20190801-P3S1_2	LakeSanAntonio_20190801	P3S1_2	P3S1	2	b08_665	0.011870891679836843	8.285748807544653e-4
LakeSanAntonio_20190801-P3S1_2	LakeSanAntonio_20190801	P3S1_2	P3S1	2	b10_681	0.012224026324017026	6.434564006167191e-4
LakeSanAntonio_20190801-P3S1_2	LakeSanAntonio_20190801	P3S1_2	P3S1	2	b11_709	0.018580454720491288	0.001528085359402914
LakeSanAntonio_20190801-P3S1_3	LakeSanAntonio_20190801	P3S1_3	P3S1	3	b07_620	0.01879265024597112	3.0620923312145925e-4
LakeSanAntonio_20190801-P3S1_3	LakeSanAntonio_20190801	P3S1_3	P3S1	3	b08_665	0.012039344339866824	8.041175875948949e-4
LakeSanAntonio_20190801-P3S1_3	LakeSanAntonio_20190801	P3S1_3	P3S1	3	b10_681	0.012323733158315323	6.168471070114234e-4
LakeSanAntonio_20190801-P3S1_3	LakeSanAntonio_20190801	P3S1_3	P3S1	3	b11_709	0.018063986000137013	0.0015311943072606508
LakeSanAntonio_20190801-P3S2_1	LakeSanAntonio_20190801	P3S2_1	P3S2	1	b07_620	0.01902359057716552	3.0703090709990915e-4
LakeSanAntonio_20190801-P3S2_1	LakeSanAntonio_20190801	P3S2_1	P3S2	1	b08_665	0.012206448725958146	8.079236815108244e-4
LakeSanAntonio_20190801-P3S2_1	LakeSanAntonio_20190801	P3S2_1	P3S2	1	b10_681	0.012467315911471953	6.132521358895867e-4
LakeSanAntonio_20190801-P3S2_1	LakeSanAntonio_20190801	P3S2_1	P3S2	1	b11_709	0.018217053834238897	0.0015544436690909105
LakeSanAntonio_20190801-P3S2_2	LakeSanAntonio_20190801	P3S2_2	P3S2	2	b07_620	0.01653890327944113	2.5921345282030415e-4
LakeSanAntonio_20190801-P3S2_2	LakeSanAntonio_20190801	P3S2_2	P3S2	2	b08_665	0.010860258654080163	6.969314578099429e-4
LakeSanAntonio_20190801-P3S2_2	LakeSanAntonio_20190801	P3S2_2	P3S2	2	b10_681	0.01096651790040673	5.101127350572188e-4
LakeSanAntonio_20190801-P3S2_2	LakeSanAntonio_20190801	P3S2_2	P3S2	2	b11_709	0.014979620121435923	0.0013439059408263505
LakeSanAntonio_20190801-P3S2_3	LakeSanAntonio_20190801	P3S2_3	P3S2	3	b07_620	0.017105078292946007	2.695480387615532e-4
LakeSanAntonio_20190801-P3S2_3	LakeSanAntonio_20190801	P3S2_3	P3S2	3	b08_665	0.011243696299367995	7.09104821482782e-4
LakeSanAntonio_20190801-P3S2_3	LakeSanAntonio_20190801	P3S2_3	P3S2	3	b10_681	0.011310528845052669	5.062803858990653e-4
LakeSanAntonio_20190801-P3S2_3	LakeSanAntonio_20190801	P3S2_3	P3S2	3	b11_709	0.015142757008459119	0.0013945372177395358
LakeSanAntonio_20190801-P3S3_1	LakeSanAntonio_20190801	P3S3_1	P3S3	1	b07_620	0.017159750117087386	2.784702438089223e-4
LakeSanAntonio_20190801-P3S3_1	LakeSanAntonio_20190801	P3S3_1	P3S3	1	b08_665	0.010777677845753052	7.442522246896817e-4
LakeSanAntonio_20190801-P3S3_1	LakeSanAntonio_20190801	P3S3_1	P3S3	1	b10_681	0.011170911791680059	5.993111208529879e-4
LakeSanAntonio_20190801-P3S3_1	LakeSanAntonio_20190801	P3S3_1	P3S3	1	b11_709	0.016965388970669543	0.0014069798692366822
LakeSanAntonio_20190801-P3S3_2	LakeSanAntonio_20190801	P3S3_2	P3S3	2	b07_620	0.016732044303740725	2.6557791099751594e-4
LakeSanAntonio_20190801-P3S3_2	LakeSanAntonio_20190801	P3S3_2	P3S3	2	b08_665	0.01119747270921829	6.885324703064255e-4
LakeSanAntonio_20190801-P3S3_2	LakeSanAntonio_20190801	P3S3_2	P3S3	2	b10_681	0.011195767366291343	4.8308774662472357e-4
LakeSanAntonio_20190801-P3S3_2	LakeSanAntonio_20190801	P3S3_2	P3S3	2	b11_709	0.014432259680441662	0.0013622304239669734
LakeSanAntonio_20190801-P3S3_3	LakeSanAntonio_20190801	P3S3_3	P3S3	3	b07_620	0.0165924198950045	2.618037090276823e-4
LakeSanAntonio_20190801-P3S3_3	LakeSanAntonio_20190801	P3S3_3	P3S3	3	b08_665	0.011012679876139355	6.919570106329175e-4
LakeSanAntonio_20190801-P3S3_3	LakeSanAntonio_20190801	P3S3_3	P3S3	3	b10_681	0.011061932500589362	4.915657382980073e-4
LakeSanAntonio_20190801-P3S3_3	LakeSanAntonio_20190801	P3S3_3	P3S3	3	b11_709	0.014482093944684388	0.0013482380123090527
SanPabloReservoir_20190812-P1S1_1	SanPabloReservoir_20190812	P1S1_1	P1S1	1	b07_620	0.01345853761746847	2.0252420185631035e-4
SanPabloReservoir_20190812-P1S1_1	SanPabloReservoir_20190812	P1S1_1	P1S1	1	b08_665	0.009689947183603892	4.918656292785982e-4
SanPabloReservoir_20190812-P1S1_1	SanPabloReservoir_20190812	P1S1_1	P1S1	1	b10_681	0.00932765507761369	2.6467039796163706e-4
SanPabloReservoir_20190812-P1S1_1	SanPabloReservoir_20190812	P1S1_1	P1S1	1	b11_709	0.008809877940248702	8.76284630858911e-4
SanPabloReservoir_20190812-P1S1_2	SanPabloReservoir_20190812	P1S1_2	P1S1	2	b07_620	0.01374727231529743	1.9431425711694076e-4
SanPabloReservoir_20190812-P1S1_2	SanPabloReservoir_20190812	P1S1_2	P1S1	2	b08_665	0.009994895875685236	4.935282057055816e-4
SanPabloReservoir_20190812-P1S1_2	SanPabloReservoir_20190812	P1S1_2	P1S1	2	b10_681	0.009638461927200066	2.7003147553060383e-4
SanPabloReservoir_20190812-P1S1_2	SanPabloReservoir_20190812	P1S1_2	P1S1	2	b11_709	0.008981986142236258	8.989493758746221e-4
SanPabloReservoir_20190812-P1S1_3	SanPabloReservoir_20190812	P1S1_3	P1S1	3	b07_620	0.01399594483599954	1.9589355620895643e-4
SanPabloReservoir_20190812-P1S1_3	SanPabloReservoir_20190812	P1S1_3	P1S1	3	b08_665	0.010147042089621335	5.080596527977332e-4
SanPabloReservoir_20190812-P1S1_3	SanPabloReservoir_20190812	P1S1_3	P1S1	3	b10_681	0.009802907984830949	2.8324964622541206e-4
SanPabloReservoir_20190812-P1S1_3	SanPabloReservoir_20190812	P1S1_3	P1S1	3	b11_709	0.009176334652504848	9.203313191413331e-4
SanPabloReservoir_20190812-P1S2_1	SanPabloReservoir_20190812	P1S2_1	P1S2	1	b07_620	0.007052790003300756	9.917858133261607e-5
SanPabloReservoir_20190812-P1S2_1	SanPabloReservoir_20190812	P1S2_1	P1S2	1	b08_665	0.0050933017049750555	2.515183160222026e-4
SanPabloReservoir_20190812-P1S2_1	SanPabloReservoir_20190812	P1S2_1	P1S2	1	b10_681	0.004903270037293783	1.3474057795351328e-4
SanPabloReservoir_20190812-P1S2_1	SanPabloReservoir_20190812	P1S2_1	P1S2	1	b11_709	0.004572190358298761	4.6010777848182514e-4
SanPabloReservoir_20190812-P1S2_2	SanPabloReservoir_20190812	P1S2_2	P1S2	2	b07_620	0.014477979600595436	2.0869764177741418e-4
SanPabloReservoir_20190812-P1S2_2	SanPabloReservoir_20190812	P1S2_2	P1S2	2	b08_665	0.010379348455250018	5.117963534505094e-4
SanPabloReservoir_20190812-P1S2_2	SanPabloReservoir_20190812	P1S2_2	P1S2	2	b10_681	0.010047240506522857	2.901312041960907e-4
SanPabloReservoir_20190812-P1S2_2	SanPabloReservoir_20190812	P1S2_2	P1S2	2	b11_709	0.009445234481927888	9.502416319639185e-4
SanPabloReservoir_20190812-P1S2_3	SanPabloReservoir_20190812	P1S2_3	P1S2	3	b07_620	0.014331727909572808	2.1002566530375658e-4
SanPabloReservoir_20190812-P1S2_3	SanPabloReservoir_20190812	P1S2_3	P1S2	3	b08_665	0.010233874152685946	5.15874077941379e-4
SanPabloReservoir_20190812-P1S2_3	SanPabloReservoir_20190812	P1S2_3	P1S2	3	b10_681	0.009930237223633353	2.9763004058494904e-4
SanPabloReservoir_20190812-P1S2_3	SanPabloReservoir_20190812	P1S2_3	P1S2	3	b11_709	0.009414761079802174	9.49546034886504e-4
SanPabloReservoir_20190812-P1S3_1	SanPabloReservoir_20190812	P1S3_1	P1S3	1	b07_620	0.01365900708314396	2.1023184877462577e-4
SanPabloReservoir_20190812-P1S3_1	SanPabloReservoir_20190812	P1S3_1	P1S3	1	b08_665	0.009666202196523367	4.929864932155166e-4
SanPabloReservoir_20190812-P1S3_1	SanPabloReservoir_20190812	P1S3_1	P1S3	1	b10_681	0.009464022785823957	3.0345153499998696e-4
SanPabloReservoir_20190812-P1S3_1	SanPabloReservoir_20190812	P1S3_1	P1S3	1	b11_709	0.009103726521731043	9.069255286491162e-4
SanPabloReservoir_20190812-P1S3_2	SanPabloReservoir_20190812	P1S3_2	P1S3	2	b07_620	0.014323700534060632	2.243848544313742e-4
SanPabloReservoir_20190812-P1S3_2	SanPabloReservoir_20190812	P1S3_2	P1S3	2	b08_665	0.010051104993609068	5.26204312832846e-4
SanPabloReservoir_20190812-P1S3_2	SanPabloReservoir_20190812	P1S3_2	P1S3	2	b10_681	0.009819575866727602	3.1422904775332697e-4
SanPabloReservoir_20190812-P1S3_2	SanPabloReservoir_20190812	P1S3_2	P1S3	2	b11_709	0.00952936354631172	9.563930122818019e-4
SanPabloReservoir_20190812-P1S3_3	SanPabloReservoir_20190812	P1S3_3	P1S3	3	b07_620	0.014612135005238664	2.281892830035056e-4
SanPabloReservoir_20190812-P1S3_3	SanPabloReservoir_20190812	P1S3_3	P1S3	3	b08_665	0.01025635570310612	5.391733878516579e-4
SanPabloReservoir_20190812-P1S3_3	SanPabloReservoir_20190812	P1S3_3	P1S3	3	b10_681	0.009964115671030865	3.0973000668113994e-4
SanPabloReservoir_20190812-P1S3_3	SanPabloReservoir_20190812	P1S3_3	P1S3	3	b11_709	0.009566967064128327	9.61466364896731e-4
SanPabloReservoir_20190812-P2S1_1	SanPabloReservoir_20190812	P2S1_1	P2S1	1	b07_620	0.013641032870285686	2.0524219311314506e-4
SanPabloReservoir_20190812-P2S1_1	SanPabloReservoir_20190812	P2S1_1	P2S1	1	b08_665	0.009714825724159774	5.096772635351869e-4
SanPabloReservoir_20190812-P2S1_1	SanPabloReservoir_20190812	P2S1_1	P2S1	1	b10_681	0.009277221210846634	2.6609643203693705e-4
SanPabloReservoir_20190812-P2S1_1	SanPabloReservoir_20190812	P2S1_1	P2S1	1	b11_709	0.00865010307786699	8.943545579103063e-4
SanPabloReservoir_20190812-P2S1_2	SanPabloReservoir_20190812	P2S1_2	P2S1	2	b07_620	0.014925169317216375	2.288144463495822e-4
SanPabloReservoir_20190812-P2S1_2	SanPabloReservoir_20190812	P2S1_2	P2S1	2	b08_665	0.01070120948945045	5.301637517189608e-4
SanPabloReservoir_20190812-P2S1_2	SanPabloReservoir_20190812	P2S1_2	P2S1	2	b10_681	0.01034157123185359	2.931413502341995e-4
SanPabloReservoir_20190812-P2S1_2	SanPabloReservoir_20190812	P2S1_2	P2S1	2	b11_709	0.009570342172344013	9.634336173705137e-4
SanPabloReservoir_20190812-P2S1_3	SanPabloReservoir_20190812	P2S1_3	P2S1	3	b07_620	0.014519357948694588	2.246009172718801e-4
SanPabloReservoir_20190812-P2S1_3	SanPabloReservoir_20190812	P2S1_3	P2S1	3	b08_665	0.010380787629433712	5.170010047805057e-4
SanPabloReservoir_20190812-P2S1_3	SanPabloReservoir_20190812	P2S1_3	P2S1	3	b10_681	0.010010939451560381	2.8135904681860326e-4
SanPabloReservoir_20190812-P2S1_3	SanPabloReservoir_20190812	P2S1_3	P2S1	3	b11_709	0.009232378701684835	9.32794471015975e-4
SanPabloReservoir_20190812-P2S2_1	SanPabloReservoir_20190812	P2S2_1	P2S2	1	b07_620	0.014555223915866295	2.0708855875362317e-4
SanPabloReservoir_20190812-P2S2_1	SanPabloReservoir_20190812	P2S2_1	P2S2	1	b08_665	0.010677108495437721	5.127461376520246e-4
SanPabloReservoir_20190812-P2S2_1	SanPabloReservoir_20190812	P2S2_1	P2S2	1	b10_681	0.010164996562552164	2.550437214173205e-4
SanPabloReservoir_20190812-P2S2_1	SanPabloReservoir_20190812	P2S2_1	P2S2	1	b11_709	0.009050505314166502	9.26463225130199e-4
SanPabloReservoir_20190812-P2S2_2	SanPabloReservoir_20190812	P2S2_2	P2S2	2	b07_620	0.014602550988947303	2.0612761585865106e-4
SanPabloReservoir_20190812-P2S2_2	SanPabloReservoir_20190812	P2S2_2	P2S2	2	b08_665	0.010697428705601211	5.090466589430484e-4
SanPabloReservoir_20190812-P2S2_2	SanPabloReservoir_20190812	P2S2_2	P2S2	2	b10_681	0.010178975999705905	2.4957472518465714e-4
SanPabloReservoir_20190812-P2S2_2	SanPabloReservoir_20190812	P2S2_2	P2S2	2	b11_709	0.009035281763193934	9.209624322657748e-4
SanPabloReservoir_20190812-P2S2_3	SanPabloReservoir_20190812	P2S2_3	P2S2	3	b07_620	0.013604181270382794	1.9028032818686614e-4
SanPabloReservoir_20190812-P2S2_3	SanPabloReservoir_20190812	P2S2_3	P2S2	3	b08_665	0.009970073884300887	4.7036387803711026e-4
SanPabloReservoir_20190812-P2S2_3	SanPabloReservoir_20190812	P2S2_3	P2S2	3	b10_681	0.009513200911797536	2.337719831177628e-4
SanPabloReservoir_20190812-P2S2_3	SanPabloReservoir_20190812	P2S2_3	P2S2	3	b11_709	0.008432468659496246	8.544128145852979e-4
SanPabloReservoir_20190812-P2S3_1	SanPabloReservoir_20190812	P2S3_1	P2S3	1	b07_620	0.014336358440476612	2.0518488979103078e-4
SanPabloReservoir_20190812-P2S3_1	SanPabloReservoir_20190812	P2S3_1	P2S3	1	b08_665	0.010343608324966684	5.00859502351294e-4
SanPabloReservoir_20190812-P2S3_1	SanPabloReservoir_20190812	P2S3_1	P2S3	1	b10_681	0.00986353360619414	2.5074725570839744e-4
SanPabloReservoir_20190812-P2S3_1	SanPabloReservoir_20190812	P2S3_1	P2S3	1	b11_709	0.008738404365654862	9.086178380227942e-4
SanPabloReservoir_20190812-P2S3_2	SanPabloReservoir_20190812	P2S3_2	P2S3	2	b07_620	0.014399091492255217	2.1372881131119078e-4
SanPabloReservoir_20190812-P2S3_2	SanPabloReservoir_20190812	P2S3_2	P2S3	2	b08_665	0.010331560605718893	5.09422161237366e-4
SanPabloReservoir_20190812-P2S3_2	SanPabloReservoir_20190812	P2S3_2	P2S3	2	b10_681	0.00982680796006018	2.459107131622281e-4
SanPabloReservoir_20190812-P2S3_2	SanPabloReservoir_20190812	P2S3_2	P2S3	2	b11_709	0.008684140275455788	9.114929902568034e-4
SanPabloReservoir_20190812-P2S3_3	SanPabloReservoir_20190812	P2S3_3	P2S3	3	b07_620	0.01552233299770015	2.2600998151538326e-4
SanPabloReservoir_20190812-P2S3_3	SanPabloReservoir_20190812	P2S3_3	P2S3	3	b08_665	0.011135928134330671	5.394732521493284e-4
SanPabloReservoir_20190812-P2S3_3	SanPabloReservoir_20190812	P2S3_3	P2S3	3	b10_681	0.010637880995409061	2.7178073074208805e-4
SanPabloReservoir_20190812-P2S3_3	SanPabloReservoir_20190812	P2S3_3	P2S3	3	b11_709	0.009412214450310446	9.630193786753395e-4
SanPabloReservoir_20190812-P3S1_1	SanPabloReservoir_20190812	P3S1_1	P3S1	1	b07_620	0.014094854318359638	2.1268319506925258e-4
SanPabloReservoir_20190812-P3S1_1	SanPabloReservoir_20190812	P3S1_1	P3S1	1	b08_665	0.010046987879982193	5.211635963086797e-4
SanPabloReservoir_20190812-P3S1_1	SanPabloReservoir_20190812	P3S1_1	P3S1	1	b10_681	0.009445867013132313	2.3911262036023026e-4
SanPabloReservoir_20190812-P3S1_1	SanPabloReservoir_20190812	P3S1_1	P3S1	1	b11_709	0.008506749994876345	8.877907030560114e-4
SanPabloReservoir_20190812-P3S1_2	SanPabloReservoir_20190812	P3S1_2	P3S1	2	b07_620	0.016017157641385983	2.6178364296293536e-4
SanPabloReservoir_20190812-P3S1_2	SanPabloReservoir_20190812	P3S1_2	P3S1	2	b08_665	0.011302729079620506	5.829458045864772e-4
SanPabloReservoir_20190812-P3S1_2	SanPabloReservoir_20190812	P3S1_2	P3S1	2	b10_681	0.010606305351295635	2.611864082547834e-4
SanPabloReservoir_20190812-P3S1_2	SanPabloReservoir_20190812	P3S1_2	P3S1	2	b11_709	0.009428926345309322	9.838198357077403e-4
SanPabloReservoir_20190812-P3S1_3	SanPabloReservoir_20190812	P3S1_3	P3S1	3	b07_620	0.014690666180345147	2.2123080655060145e-4
SanPabloReservoir_20190812-P3S1_3	SanPabloReservoir_20190812	P3S1_3	P3S1	3	b08_665	0.010489132728766863	5.340785387822843e-4
SanPabloReservoir_20190812-P3S1_3	SanPabloReservoir_20190812	P3S1_3	P3S1	3	b10_681	0.009875736260491229	2.4409288493087178e-4
SanPabloReservoir_20190812-P3S1_3	SanPabloReservoir_20190812	P3S1_3	P3S1	3	b11_709	0.008754570391622835	9.238131596322841e-4
SanPabloReservoir_20190812-P3S2_1	SanPabloReservoir_20190812	P3S2_1	P3S2	1	b07_620	0.013010732721260623	2.0918984841610748e-4
SanPabloReservoir_20190812-P3S2_1	SanPabloReservoir_20190812	P3S2_1	P3S2	1	b08_665	0.009165495856397471	4.7344951504561263e-4
SanPabloReservoir_20190812-P3S2_1	SanPabloReservoir_20190812	P3S2_1	P3S2	1	b10_681	0.008605652069764226	2.1646979824473e-4
SanPabloReservoir_20190812-P3S2_1	SanPabloReservoir_20190812	P3S2_1	P3S2	1	b11_709	0.007673967478495203	8.101479443218473e-4
SanPabloReservoir_20190812-P3S2_2	SanPabloReservoir_20190812	P3S2_2	P3S2	2	b07_620	0.015299842713889077	2.3472592868604587e-4
SanPabloReservoir_20190812-P3S2_2	SanPabloReservoir_20190812	P3S2_2	P3S2	2	b08_665	0.010809779160900854	5.521670312322582e-4
SanPabloReservoir_20190812-P3S2_2	SanPabloReservoir_20190812	P3S2_2	P3S2	2	b10_681	0.010201424999028283	2.6111127499128936e-4
SanPabloReservoir_20190812-P3S2_2	SanPabloReservoir_20190812	P3S2_2	P3S2	2	b11_709	0.009094305246364785	9.50392442386503e-4
SanPabloReservoir_20190812-P3S2_3	SanPabloReservoir_20190812	P3S2_3	P3S2	3	b07_620	0.01509454049075927	2.3312349795828567e-4
SanPabloReservoir_20190812-P3S2_3	SanPabloReservoir_20190812	P3S2_3	P3S2	3	b08_665	0.01064703699570879	5.428494313089438e-4
SanPabloReservoir_20190812-P3S2_3	SanPabloReservoir_20190812	P3S2_3	P3S2	3	b10_681	0.010107420011279854	2.751343005149573e-4
SanPabloReservoir_20190812-P3S2_3	SanPabloReservoir_20190812	P3S2_3	P3S2	3	b11_709	0.00920531652066965	9.586223055837275e-4
SanPabloReservoir_20190812-P3S3_1	SanPabloReservoir_20190812	P3S3_1	P3S3	1	b07_620	0.014298249837814336	2.004049946036669e-4
SanPabloReservoir_20190812-P3S3_1	SanPabloReservoir_20190812	P3S3_1	P3S3	1	b08_665	0.010313123795722117	5.022203849427349e-4
SanPabloReservoir_20190812-P3S3_1	SanPabloReservoir_20190812	P3S3_1	P3S3	1	b10_681	0.009852526848986338	2.663803622847471e-4
SanPabloReservoir_20190812-P3S3_1	SanPabloReservoir_20190812	P3S3_1	P3S3	1	b11_709	0.00894265578293331	9.140740268728812e-4
SanPabloReservoir_20190812-P3S3_2	SanPabloReservoir_20190812	P3S3_2	P3S3	2	b07_620	0.013929580095559552	1.9916403391996725e-4
SanPabloReservoir_20190812-P3S3_2	SanPabloReservoir_20190812	P3S3_2	P3S3	2	b08_665	0.010012805013849298	4.89947524657276e-4
SanPabloReservoir_20190812-P3S3_2	SanPabloReservoir_20190812	P3S3_2	P3S3	2	b10_681	0.009663840042729407	2.8113366053870645e-4
SanPabloReservoir_20190812-P3S3_2	SanPabloReservoir_20190812	P3S3_2	P3S3	2	b11_709	0.008907276875698821	9.064799637780494e-4
SanPabloReservoir_20190812-P3S3_3	SanPabloReservoir_20190812	P3S3_3	P3S3	3	b07_620	0.013880413814105876	1.937137414225051e-4
SanPabloReservoir_20190812-P3S3_3	SanPabloReservoir_20190812	P3S3_3	P3S3	3	b08_665	0.010018116209016345	4.8745459717448023e-4
SanPabloReservoir_20190812-P3S3_3	SanPabloReservoir_20190812	P3S3_3	P3S3	3	b10_681	0.009645623270549351	2.733926503746536e-4
SanPabloReservoir_20190812-P3S3_3	SanPabloReservoir_20190812	P3S3_3	P3S3	3	b11_709	0.00882277934457715	8.991486209106529e-4
