Lon,Lat,Cicyano,,Lon,Lat,CI,,LonTF,LatTF,ValueTF,Cicyano > Ci,Cicyano > 0,CI > 0,Cicyano > Ci
-122.8802118,39.11338305,0,,-122.8802118,39.11338305,160,,TRUE,TRUE,FALSE,FALSE,250,345,0
-122.8834392,39.11051919,0,,-122.8834392,39.11051919,100,,TRUE,TRUE,FALSE,FALSE,,,
-122.8799876,39.11069395,0,,-122.8799876,39.11069395,88,,TRUE,TRUE,FALSE,FALSE,,,
-122.8866663,39.10765527,0,,-122.8866663,39.10765527,154,,TRUE,TRUE,FALSE,FALSE,,,
-122.8832149,39.10783011,0,,-122.8832149,39.10783011,113,,TRUE,TRUE,FALSE,FALSE,,,
-122.8797634,39.10800485,0,,-122.8797634,39.10800485,28,,TRUE,TRUE,FALSE,FALSE,,,
-122.8864419,39.1049662,0,,-122.8864419,39.1049662,117,,TRUE,TRUE,FALSE,FALSE,,,
-122.8896686,39.10210222,0,,-122.8896686,39.10210222,155,,TRUE,TRUE,FALSE,FALSE,,,
-122.8974073,39.02879804,0,,-122.8974073,39.02879804,108,,TRUE,TRUE,FALSE,FALSE,,,
-122.8801691,39.02967136,0,,-122.8801691,39.02967136,58,,TRUE,TRUE,FALSE,FALSE,,,
-122.8767214,39.02984571,0,,-122.8767214,39.02984571,76,,TRUE,TRUE,FALSE,FALSE,,,
-122.8698259,39.03019413,0,,-122.8698259,39.03019413,47,,TRUE,TRUE,FALSE,FALSE,,,
-122.897183,39.02610899,0,,-122.897183,39.02610899,154,,TRUE,TRUE,FALSE,FALSE,,,
-122.8902881,39.02645859,0,,-122.8902881,39.02645859,84,,TRUE,TRUE,FALSE,FALSE,,,
-122.8833931,39.02680778,0,,-122.8833931,39.02680778,66,,TRUE,TRUE,FALSE,FALSE,,,
-122.8696027,39.02750494,0,,-122.8696027,39.02750494,73,,TRUE,TRUE,FALSE,FALSE,,,
-122.866155,39.02767898,0,,-122.866155,39.02767898,62,,TRUE,TRUE,FALSE,FALSE,,,
-122.8935115,39.02359477,0,,-122.8935115,39.02359477,112,,TRUE,TRUE,FALSE,FALSE,,,
-122.8900642,39.0237695,0,,-122.8900642,39.0237695,109,,TRUE,TRUE,FALSE,FALSE,,,
-122.8866168,39.02394413,0,,-122.8866168,39.02394413,106,,TRUE,TRUE,FALSE,FALSE,,,
-122.7200207,39.01875772,0,,-122.7200207,39.01875772,105,,TRUE,TRUE,FALSE,FALSE,,,
-122.706011,39.01674548,0,,-122.706011,39.01674548,88,,TRUE,TRUE,FALSE,FALSE,,,
-122.6887699,39.01759028,0,,-122.6887699,39.01759028,164,,TRUE,TRUE,FALSE,FALSE,,,
-122.7264816,39.0130385,0,,-122.7264816,39.0130385,106,,TRUE,TRUE,FALSE,FALSE,,,
-122.716138,39.01354746,0,,-122.716138,39.01354746,119,,TRUE,TRUE,FALSE,FALSE,,,
-122.71269,39.01371691,0,,-122.71269,39.01371691,113,,TRUE,TRUE,FALSE,FALSE,,,
-122.7092421,39.01388626,0,,-122.7092421,39.01388626,113,,TRUE,TRUE,FALSE,FALSE,,,
-122.7057941,39.01405551,0,,-122.7057941,39.01405551,120,,TRUE,TRUE,FALSE,FALSE,,,
-122.702346,39.01422466,0,,-122.702346,39.01422466,88,,TRUE,TRUE,FALSE,FALSE,,,
-122.698898,39.0143937,0,,-122.698898,39.0143937,116,,TRUE,TRUE,FALSE,FALSE,,,
-122.6954499,39.01456265,0,,-122.6954499,39.01456265,118,,TRUE,TRUE,FALSE,FALSE,,,
-122.6920018,39.01473149,0,,-122.6920018,39.01473149,142,,TRUE,TRUE,FALSE,FALSE,,,
-122.6885537,39.01490023,0,,-122.6885537,39.01490023,138,,TRUE,TRUE,FALSE,FALSE,,,
-122.6816573,39.01523741,0,,-122.6816573,39.01523741,154,,TRUE,TRUE,FALSE,FALSE,,,
-122.7297116,39.01017878,0,,-122.7297116,39.01017878,111,,TRUE,TRUE,FALSE,FALSE,,,
-122.7262639,39.01034862,0,,-122.7262639,39.01034862,135,,TRUE,TRUE,FALSE,FALSE,,,
-122.7228162,39.01051836,0,,-122.7228162,39.01051836,144,,TRUE,TRUE,FALSE,FALSE,,,
-122.7193685,39.010688,0,,-122.7193685,39.010688,125,,TRUE,TRUE,FALSE,FALSE,,,
-122.7159207,39.01085753,0,,-122.7159207,39.01085753,114,,TRUE,TRUE,FALSE,FALSE,,,
-122.7124729,39.01102697,0,,-122.7124729,39.01102697,124,,TRUE,TRUE,FALSE,FALSE,,,
-122.7090251,39.0111963,0,,-122.7090251,39.0111963,123,,TRUE,TRUE,FALSE,FALSE,,,
-122.7055772,39.01136553,0,,-122.7055772,39.01136553,127,,TRUE,TRUE,FALSE,FALSE,,,
-122.6986814,39.01170369,0,,-122.6986814,39.01170369,56,,TRUE,TRUE,FALSE,FALSE,,,
-122.6952334,39.01187262,0,,-122.6952334,39.01187262,142,,TRUE,TRUE,FALSE,FALSE,,,
-122.6917854,39.01204145,0,,-122.6917854,39.01204145,141,,TRUE,TRUE,FALSE,FALSE,,,
-122.6814413,39.01254732,0,,-122.6814413,39.01254732,150,,TRUE,TRUE,FALSE,FALSE,,,
-122.6779932,39.01271574,0,,-122.6779932,39.01271574,150,,TRUE,TRUE,FALSE,FALSE,,,
-122.6745451,39.01288406,0,,-122.6745451,39.01288406,156,,TRUE,TRUE,FALSE,FALSE,,,
-122.6676488,39.0132204,0,,-122.6676488,39.0132204,165,,TRUE,TRUE,FALSE,FALSE,,,
-122.7191511,39.00799808,0,,-122.7191511,39.00799808,138,,TRUE,TRUE,FALSE,FALSE,,,
-122.7122558,39.00833702,0,,-122.7122558,39.00833702,129,,TRUE,TRUE,FALSE,FALSE,,,
-122.7088081,39.00850634,0,,-122.7088081,39.00850634,134,,TRUE,TRUE,FALSE,FALSE,,,
-122.7053604,39.00867556,0,,-122.7053604,39.00867556,130,,TRUE,TRUE,FALSE,FALSE,,,
-122.695017,39.0091826,0,,-122.695017,39.0091826,117,,TRUE,TRUE,FALSE,FALSE,,,
-122.6915691,39.00935141,0,,-122.6915691,39.00935141,114,,TRUE,TRUE,FALSE,FALSE,,,
-122.6881213,39.00952012,0,,-122.6881213,39.00952012,124,,TRUE,TRUE,FALSE,FALSE,,,
-122.6743294,39.01019394,0,,-122.6743294,39.01019394,140,,TRUE,TRUE,FALSE,FALSE,,,
-122.6708814,39.01036215,0,,-122.6708814,39.01036215,147,,TRUE,TRUE,FALSE,FALSE,,,
-122.6674334,39.01053025,0,,-122.6674334,39.01053025,167,,TRUE,TRUE,FALSE,FALSE,,,
-122.6639853,39.01069825,0,,-122.6639853,39.01069825,168,,TRUE,TRUE,FALSE,FALSE,,,
-122.736171,39.00445913,0,,-122.736171,39.00445913,97,,TRUE,TRUE,FALSE,FALSE,,,
-122.7085912,39.00581638,0,,-122.7085912,39.00581638,134,,TRUE,TRUE,FALSE,FALSE,,,
-122.6879051,39.00683006,0,,-122.6879051,39.00683006,89,,TRUE,TRUE,FALSE,FALSE,,,
-122.6844573,39.00699865,0,,-122.6844573,39.00699865,134,,TRUE,TRUE,FALSE,FALSE,,,
-122.7325058,39.00193929,0,,-122.7325058,39.00193929,111,,TRUE,TRUE,FALSE,FALSE,,,
-122.687689,39.00413999,0,,-122.687689,39.00413999,63,,TRUE,TRUE,FALSE,FALSE,,,
-122.6842413,39.00430857,0,,-122.6842413,39.00430857,128,,TRUE,TRUE,FALSE,FALSE,,,
-122.6840253,39.00161849,0,,-122.6840253,39.00161849,99,,TRUE,TRUE,FALSE,FALSE,,,
-122.6805778,39.00178695,0,,-122.6805778,39.00178695,133,,TRUE,TRUE,FALSE,FALSE,,,
-122.6771302,39.00195531,0,,-122.6771302,39.00195531,134,,TRUE,TRUE,FALSE,FALSE,,,
-122.6736826,39.00212356,0,,-122.6736826,39.00212356,135,,TRUE,TRUE,FALSE,FALSE,,,
-122.7320702,38.99655958,0,,-122.7320702,38.99655958,83,,TRUE,TRUE,FALSE,FALSE,,,
-122.680362,38.99909685,0,,-122.680362,38.99909685,117,,TRUE,TRUE,FALSE,FALSE,,,
-122.6769145,38.99926519,0,,-122.6769145,38.99926519,122,,TRUE,TRUE,FALSE,FALSE,,,
-122.7111708,38.99488726,0,,-122.7111708,38.99488726,121,,TRUE,TRUE,FALSE,FALSE,,,
-122.7072902,38.98967655,0,,-122.7072902,38.98967655,132,,TRUE,TRUE,FALSE,FALSE,,,
-122.7309819,38.98311026,0,,-122.7309819,38.98311026,100,,TRUE,TRUE,FALSE,FALSE,,,
-122.7135329,38.98126819,0,,-122.7135329,38.98126819,91,,TRUE,TRUE,FALSE,FALSE,,,
-122.7100865,38.98143745,0,,-122.7100865,38.98143745,89,,TRUE,TRUE,FALSE,FALSE,,,
-122.7027606,38.97639565,0,,-122.7027606,38.97639565,116,,TRUE,TRUE,FALSE,FALSE,,,
-122.6889756,38.97707073,0,,-122.6889756,38.97707073,145,,TRUE,TRUE,FALSE,FALSE,,,
-122.7301118,38.97235076,0,,-122.7301118,38.97235076,142,,TRUE,TRUE,FALSE,FALSE,,,
-122.7266659,38.97252048,0,,-122.7266659,38.97252048,142,,TRUE,TRUE,FALSE,FALSE,,,
-122.7059902,38.97353664,0,,-122.7059902,38.97353664,121,,TRUE,TRUE,FALSE,FALSE,,,
-122.6887596,38.97438066,0,,-122.6887596,38.97438066,139,,TRUE,TRUE,FALSE,FALSE,,,
-122.6915578,38.96614188,0,,-122.6915578,38.96614188,119,,TRUE,TRUE,FALSE,FALSE,,,
-122.688112,38.96631043,0,,-122.688112,38.96631043,114,,TRUE,TRUE,FALSE,FALSE,,,
-122.6842348,38.96109869,0,,-122.6842348,38.96109869,121,,TRUE,TRUE,FALSE,FALSE,,,
-122.6665766,38.95655891,0,,-122.6665766,38.95655891,131,,TRUE,TRUE,FALSE,FALSE,,,
-122.6631312,38.95672669,0,,-122.6631312,38.95672669,130,,TRUE,TRUE,FALSE,FALSE,,,
-122.683588,38.95302838,0,,-122.683588,38.95302838,133,,TRUE,TRUE,FALSE,FALSE,,,
-122.6732523,38.95353289,0,,-122.6732523,38.95353289,137,,TRUE,TRUE,FALSE,FALSE,,,
-122.6592563,38.95151394,0,,-122.6592563,38.95151394,130,,TRUE,TRUE,FALSE,FALSE,,,
-122.668947,38.94294016,0,,-122.668947,38.94294016,141,,TRUE,TRUE,FALSE,FALSE,,,
-122.6409601,38.93889913,0,,-122.6409601,38.93889913,144,,TRUE,TRUE,FALSE,FALSE,,,
-122.8666283,39.11677028,0,,-122.8666283,39.11677028,0,,TRUE,TRUE,TRUE,FALSE,,,
-122.8528199,39.1174668,0,,-122.8528199,39.1174668,0,,TRUE,TRUE,TRUE,FALSE,,,
-122.8698564,39.11390675,0,,-122.8698564,39.11390675,0,,TRUE,TRUE,TRUE,FALSE,,,
-122.8664045,39.11408112,0,,-122.8664045,39.11408112,0,,TRUE,TRUE,TRUE,FALSE,,,
-122.8629526,39.11425539,0,,-122.8629526,39.11425539,0,,TRUE,TRUE,TRUE,FALSE,,,
-122.8595007,39.11442955,0,,-122.8595007,39.11442955,0,,TRUE,TRUE,TRUE,FALSE,,,
-122.8560487,39.11460361,0,,-122.8560487,39.11460361,0,,TRUE,TRUE,TRUE,FALSE,,,
-122.8525967,39.11477757,0,,-122.8525967,39.11477757,0,,TRUE,TRUE,TRUE,FALSE,,,
-122.8491447,39.11495143,0,,-122.8491447,39.11495143,0,,TRUE,TRUE,TRUE,FALSE,,,
-122.8765359,39.1108686,0,,-122.8765359,39.1108686,0,,TRUE,TRUE,TRUE,FALSE,,,
-122.8730842,39.11104316,0,,-122.8730842,39.11104316,0,,TRUE,TRUE,TRUE,FALSE,,,
-122.8696325,39.11121761,0,,-122.8696325,39.11121761,0,,TRUE,TRUE,TRUE,FALSE,,,
-122.8661808,39.11139196,0,,-122.8661808,39.11139196,0,,TRUE,TRUE,TRUE,FALSE,,,
-122.862729,39.11156621,0,,-122.862729,39.11156621,0,,TRUE,TRUE,TRUE,FALSE,,,
-122.8592772,39.11174035,0,,-122.8592772,39.11174035,0,,TRUE,TRUE,TRUE,FALSE,,,
-122.8558253,39.1119144,0,,-122.8558253,39.1119144,0,,TRUE,TRUE,TRUE,FALSE,,,
-122.8523735,39.11208834,0,,-122.8523735,39.11208834,0,,TRUE,TRUE,TRUE,FALSE,,,
-122.8763118,39.10817949,0,,-122.8763118,39.10817949,0,,TRUE,TRUE,TRUE,FALSE,,,
-122.8728603,39.10835402,0,,-122.8728603,39.10835402,0,,TRUE,TRUE,TRUE,FALSE,,,
-122.8625054,39.10887702,0,,-122.8625054,39.10887702,0,,TRUE,TRUE,TRUE,FALSE,,,
-122.8590537,39.10905115,0,,-122.8590537,39.10905115,0,,TRUE,TRUE,TRUE,FALSE,,,
-122.855602,39.10922518,0,,-122.855602,39.10922518,0,,TRUE,TRUE,TRUE,FALSE,,,
-122.8521503,39.10939911,0,,-122.8521503,39.10939911,0,,TRUE,TRUE,TRUE,FALSE,,,
-122.8348911,39.11026722,0,,-122.8348911,39.11026722,0,,TRUE,TRUE,TRUE,FALSE,,,
-122.8314392,39.11044054,0,,-122.8314392,39.11044054,0,,TRUE,TRUE,TRUE,FALSE,,,
-122.8795392,39.10531575,0,,-122.8795392,39.10531575,0,,TRUE,TRUE,TRUE,FALSE,,,
-122.8760878,39.10549037,0,,-122.8760878,39.10549037,0,,TRUE,TRUE,TRUE,FALSE,,,
-122.8622818,39.10618784,0,,-122.8622818,39.10618784,0,,TRUE,TRUE,TRUE,FALSE,,,
-122.8588303,39.10636195,0,,-122.8588303,39.10636195,0,,TRUE,TRUE,TRUE,FALSE,,,
-122.8553787,39.10653596,0,,-122.8553787,39.10653596,0,,TRUE,TRUE,TRUE,FALSE,,,
-122.8519271,39.10670987,0,,-122.8519271,39.10670987,0,,TRUE,TRUE,TRUE,FALSE,,,
-122.8484755,39.10688368,0,,-122.8484755,39.10688368,0,,TRUE,TRUE,TRUE,FALSE,,,
-122.8346686,39.1075779,0,,-122.8346686,39.1075779,0,,TRUE,TRUE,TRUE,FALSE,,,
-122.8312168,39.1077512,0,,-122.8312168,39.1077512,0,,TRUE,TRUE,TRUE,FALSE,,,
-122.827765,39.1079244,0,,-122.827765,39.1079244,0,,TRUE,TRUE,TRUE,FALSE,,,
-122.8862174,39.10227713,0,,-122.8862174,39.10227713,0,,TRUE,TRUE,TRUE,FALSE,,,
-122.8827662,39.10245194,0,,-122.8827662,39.10245194,0,,TRUE,TRUE,TRUE,FALSE,,,
-122.879315,39.10262664,0,,-122.879315,39.10262664,0,,TRUE,TRUE,TRUE,FALSE,,,
-122.8758637,39.10280125,0,,-122.8758637,39.10280125,0,,TRUE,TRUE,TRUE,FALSE,,,
-122.8586069,39.10367275,0,,-122.8586069,39.10367275,0,,TRUE,TRUE,TRUE,FALSE,,,
-122.8551555,39.10384674,0,,-122.8551555,39.10384674,0,,TRUE,TRUE,TRUE,FALSE,,,
-122.851704,39.10402064,0,,-122.851704,39.10402064,0,,TRUE,TRUE,TRUE,FALSE,,,
-122.8482525,39.10419443,0,,-122.8482525,39.10419443,0,,TRUE,TRUE,TRUE,FALSE,,,
-122.8448009,39.10436812,0,,-122.8448009,39.10436812,0,,TRUE,TRUE,TRUE,FALSE,,,
-122.8378978,39.1047152,0,,-122.8378978,39.1047152,0,,TRUE,TRUE,TRUE,FALSE,,,
-122.8344461,39.10488858,0,,-122.8344461,39.10488858,0,,TRUE,TRUE,TRUE,FALSE,,,
-122.8309945,39.10506187,0,,-122.8309945,39.10506187,0,,TRUE,TRUE,TRUE,FALSE,,,
-122.8275428,39.10523505,0,,-122.8275428,39.10523505,0,,TRUE,TRUE,TRUE,FALSE,,,
-122.8928951,39.09923817,0,,-122.8928951,39.09923817,0,,TRUE,TRUE,TRUE,FALSE,,,
-122.8894441,39.09941317,0,,-122.8894441,39.09941317,0,,TRUE,TRUE,TRUE,FALSE,,,
-122.885993,39.09958806,0,,-122.885993,39.09958806,0,,TRUE,TRUE,TRUE,FALSE,,,
-122.8825419,39.09976285,0,,-122.8825419,39.09976285,0,,TRUE,TRUE,TRUE,FALSE,,,
-122.8790908,39.09993754,0,,-122.8790908,39.09993754,0,,TRUE,TRUE,TRUE,FALSE,,,
-122.8549322,39.10115752,0,,-122.8549322,39.10115752,0,,TRUE,TRUE,TRUE,FALSE,,,
-122.8514809,39.1013314,0,,-122.8514809,39.1013314,0,,TRUE,TRUE,TRUE,FALSE,,,
-122.8480295,39.10150518,0,,-122.8480295,39.10150518,0,,TRUE,TRUE,TRUE,FALSE,,,
-122.8445781,39.10167885,0,,-122.8445781,39.10167885,0,,TRUE,TRUE,TRUE,FALSE,,,
-122.8411266,39.10185242,0,,-122.8411266,39.10185242,0,,TRUE,TRUE,TRUE,FALSE,,,
-122.8342237,39.10219926,0,,-122.8342237,39.10219926,0,,TRUE,TRUE,TRUE,FALSE,,,
-122.8307721,39.10237253,0,,-122.8307721,39.10237253,0,,TRUE,TRUE,TRUE,FALSE,,,
-122.8273206,39.1025457,0,,-122.8273206,39.1025457,0,,TRUE,TRUE,TRUE,FALSE,,,
-122.8961213,39.09637405,0,,-122.8961213,39.09637405,0,,TRUE,TRUE,TRUE,FALSE,,,
-122.8926705,39.09654913,0,,-122.8926705,39.09654913,0,,TRUE,TRUE,TRUE,FALSE,,,
-122.8892196,39.09672411,0,,-122.8892196,39.09672411,0,,TRUE,TRUE,TRUE,FALSE,,,
-122.8857687,39.09689898,0,,-122.8857687,39.09689898,0,,TRUE,TRUE,TRUE,FALSE,,,
-122.8823177,39.09707376,0,,-122.8823177,39.09707376,0,,TRUE,TRUE,TRUE,FALSE,,,
-122.8788667,39.09724843,0,,-122.8788667,39.09724843,0,,TRUE,TRUE,TRUE,FALSE,,,
-122.8754157,39.097423,0,,-122.8754157,39.097423,0,,TRUE,TRUE,TRUE,FALSE,,,
-122.8719647,39.09759747,0,,-122.8719647,39.09759747,0,,TRUE,TRUE,TRUE,FALSE,,,
-122.8685136,39.09777184,0,,-122.8685136,39.09777184,0,,TRUE,TRUE,TRUE,FALSE,,,
-122.8650625,39.09794611,0,,-122.8650625,39.09794611,0,,TRUE,TRUE,TRUE,FALSE,,,
-122.8478065,39.09881592,0,,-122.8478065,39.09881592,0,,TRUE,TRUE,TRUE,FALSE,,,
-122.8443553,39.09898958,0,,-122.8443553,39.09898958,0,,TRUE,TRUE,TRUE,FALSE,,,
-122.8201955,39.10020234,0,,-122.8201955,39.10020234,0,,TRUE,TRUE,TRUE,FALSE,,,
-122.8993473,39.09350986,0,,-122.8993473,39.09350986,0,,TRUE,TRUE,TRUE,FALSE,,,
-122.8958966,39.09368502,0,,-122.8958966,39.09368502,0,,TRUE,TRUE,TRUE,FALSE,,,
-122.8924459,39.09386009,0,,-122.8924459,39.09386009,0,,TRUE,TRUE,TRUE,FALSE,,,
-122.8889951,39.09403505,0,,-122.8889951,39.09403505,0,,TRUE,TRUE,TRUE,FALSE,,,
-122.8855443,39.09420991,0,,-122.8855443,39.09420991,0,,TRUE,TRUE,TRUE,FALSE,,,
-122.8820935,39.09438466,0,,-122.8820935,39.09438466,0,,TRUE,TRUE,TRUE,FALSE,,,
-122.8786426,39.09455932,0,,-122.8786426,39.09455932,0,,TRUE,TRUE,TRUE,FALSE,,,
-122.8751918,39.09473387,0,,-122.8751918,39.09473387,0,,TRUE,TRUE,TRUE,FALSE,,,
-122.8717409,39.09490833,0,,-122.8717409,39.09490833,0,,TRUE,TRUE,TRUE,FALSE,,,
-122.8682899,39.09508268,0,,-122.8682899,39.09508268,0,,TRUE,TRUE,TRUE,FALSE,,,
-122.8544858,39.09577907,0,,-122.8544858,39.09577907,0,,TRUE,TRUE,TRUE,FALSE,,,
-122.8510348,39.09595292,0,,-122.8510348,39.09595292,0,,TRUE,TRUE,TRUE,FALSE,,,
-122.8475836,39.09612666,0,,-122.8475836,39.09612666,0,,TRUE,TRUE,TRUE,FALSE,,,
-122.8441325,39.0963003,0,,-122.8441325,39.0963003,0,,TRUE,TRUE,TRUE,FALSE,,,
-122.8406813,39.09647384,0,,-122.8406813,39.09647384,0,,TRUE,TRUE,TRUE,FALSE,,,
-122.8372301,39.09664728,0,,-122.8372301,39.09664728,0,,TRUE,TRUE,TRUE,FALSE,,,
-122.8337789,39.09682061,0,,-122.8337789,39.09682061,0,,TRUE,TRUE,TRUE,FALSE,,,
-122.8303276,39.09699385,0,,-122.8303276,39.09699385,0,,TRUE,TRUE,TRUE,FALSE,,,
-122.8268763,39.09716698,0,,-122.8268763,39.09716698,0,,TRUE,TRUE,TRUE,FALSE,,,
-122.8165222,39.09768577,0,,-122.8165222,39.09768577,0,,TRUE,TRUE,TRUE,FALSE,,,
-122.8991225,39.09082085,0,,-122.8991225,39.09082085,0,,TRUE,TRUE,TRUE,FALSE,,,
-122.8956719,39.090996,0,,-122.8956719,39.090996,0,,TRUE,TRUE,TRUE,FALSE,,,
-122.8922213,39.09117104,0,,-122.8922213,39.09117104,0,,TRUE,TRUE,TRUE,FALSE,,,
-122.8887707,39.09134598,0,,-122.8887707,39.09134598,0,,TRUE,TRUE,TRUE,FALSE,,,
-122.88532,39.09152083,0,,-122.88532,39.09152083,0,,TRUE,TRUE,TRUE,FALSE,,,
-122.8818693,39.09169557,0,,-122.8818693,39.09169557,0,,TRUE,TRUE,TRUE,FALSE,,,
-122.8784186,39.09187021,0,,-122.8784186,39.09187021,0,,TRUE,TRUE,TRUE,FALSE,,,
-122.8749678,39.09204475,0,,-122.8749678,39.09204475,0,,TRUE,TRUE,TRUE,FALSE,,,
-122.8715171,39.09221918,0,,-122.8715171,39.09221918,0,,TRUE,TRUE,TRUE,FALSE,,,
-122.8680662,39.09239352,0,,-122.8680662,39.09239352,0,,TRUE,TRUE,TRUE,FALSE,,,
-122.8611645,39.09274188,0,,-122.8611645,39.09274188,0,,TRUE,TRUE,TRUE,FALSE,,,
-122.8577136,39.09291591,0,,-122.8577136,39.09291591,0,,TRUE,TRUE,TRUE,FALSE,,,
-122.8542627,39.09308984,0,,-122.8542627,39.09308984,0,,TRUE,TRUE,TRUE,FALSE,,,
-122.8508117,39.09326367,0,,-122.8508117,39.09326367,0,,TRUE,TRUE,TRUE,FALSE,,,
-122.8473607,39.0934374,0,,-122.8473607,39.0934374,0,,TRUE,TRUE,TRUE,FALSE,,,
-122.8439097,39.09361102,0,,-122.8439097,39.09361102,0,,TRUE,TRUE,TRUE,FALSE,,,
-122.8404587,39.09378454,0,,-122.8404587,39.09378454,0,,TRUE,TRUE,TRUE,FALSE,,,
-122.8370076,39.09395797,0,,-122.8370076,39.09395797,0,,TRUE,TRUE,TRUE,FALSE,,,
-122.8335565,39.09413129,0,,-122.8335565,39.09413129,0,,TRUE,TRUE,TRUE,FALSE,,,
-122.8301053,39.0943045,0,,-122.8301053,39.0943045,0,,TRUE,TRUE,TRUE,FALSE,,,
-122.8266542,39.09447762,0,,-122.8266542,39.09447762,0,,TRUE,TRUE,TRUE,FALSE,,,
-122.823203,39.09465064,0,,-122.823203,39.09465064,0,,TRUE,TRUE,TRUE,FALSE,,,
-122.8197517,39.09482355,0,,-122.8197517,39.09482355,0,,TRUE,TRUE,TRUE,FALSE,,,
-122.8988977,39.08813183,0,,-122.8988977,39.08813183,0,,TRUE,TRUE,TRUE,FALSE,,,
-122.8954472,39.08830696,0,,-122.8954472,39.08830696,0,,TRUE,TRUE,TRUE,FALSE,,,
-122.8919968,39.08848199,0,,-122.8919968,39.08848199,0,,TRUE,TRUE,TRUE,FALSE,,,
-122.8885463,39.08865692,0,,-122.8885463,39.08865692,0,,TRUE,TRUE,TRUE,FALSE,,,
-122.8850957,39.08883175,0,,-122.8850957,39.08883175,0,,TRUE,TRUE,TRUE,FALSE,,,
-122.8816452,39.08900647,0,,-122.8816452,39.08900647,0,,TRUE,TRUE,TRUE,FALSE,,,
-122.8781946,39.08918109,0,,-122.8781946,39.08918109,0,,TRUE,TRUE,TRUE,FALSE,,,
-122.8747439,39.08935561,0,,-122.8747439,39.08935561,0,,TRUE,TRUE,TRUE,FALSE,,,
-122.8712933,39.08953003,0,,-122.8712933,39.08953003,0,,TRUE,TRUE,TRUE,FALSE,,,
-122.8678426,39.08970435,0,,-122.8678426,39.08970435,0,,TRUE,TRUE,TRUE,FALSE,,,
-122.8643919,39.08987857,0,,-122.8643919,39.08987857,0,,TRUE,TRUE,TRUE,FALSE,,,
-122.8609412,39.09005268,0,,-122.8609412,39.09005268,0,,TRUE,TRUE,TRUE,FALSE,,,
-122.8574904,39.0902267,0,,-122.8574904,39.0902267,0,,TRUE,TRUE,TRUE,FALSE,,,
-122.8540396,39.09040061,0,,-122.8540396,39.09040061,0,,TRUE,TRUE,TRUE,FALSE,,,
-122.8505888,39.09057442,0,,-122.8505888,39.09057442,0,,TRUE,TRUE,TRUE,FALSE,,,
-122.8471379,39.09074813,0,,-122.8471379,39.09074813,0,,TRUE,TRUE,TRUE,FALSE,,,
-122.8402361,39.09109525,0,,-122.8402361,39.09109525,0,,TRUE,TRUE,TRUE,FALSE,,,
-122.8333341,39.09144195,0,,-122.8333341,39.09144195,0,,TRUE,TRUE,TRUE,FALSE,,,
-122.8298831,39.09161516,0,,-122.8298831,39.09161516,0,,TRUE,TRUE,TRUE,FALSE,,,
-122.8264321,39.09178826,0,,-122.8264321,39.09178826,0,,TRUE,TRUE,TRUE,FALSE,,,
-122.822981,39.09196126,0,,-122.822981,39.09196126,0,,TRUE,TRUE,TRUE,FALSE,,,
-122.8952226,39.08561793,0,,-122.8952226,39.08561793,0,,TRUE,TRUE,TRUE,FALSE,,,
-122.8917723,39.08579294,0,,-122.8917723,39.08579294,0,,TRUE,TRUE,TRUE,FALSE,,,
-122.8883219,39.08596785,0,,-122.8883219,39.08596785,0,,TRUE,TRUE,TRUE,FALSE,,,
-122.8848715,39.08614266,0,,-122.8848715,39.08614266,0,,TRUE,TRUE,TRUE,FALSE,,,
-122.881421,39.08631737,0,,-122.881421,39.08631737,0,,TRUE,TRUE,TRUE,FALSE,,,
-122.8779706,39.08649197,0,,-122.8779706,39.08649197,0,,TRUE,TRUE,TRUE,FALSE,,,
-122.8745201,39.08666648,0,,-122.8745201,39.08666648,0,,TRUE,TRUE,TRUE,FALSE,,,
-122.8710696,39.08684088,0,,-122.8710696,39.08684088,0,,TRUE,TRUE,TRUE,FALSE,,,
-122.867619,39.08701518,0,,-122.867619,39.08701518,0,,TRUE,TRUE,TRUE,FALSE,,,
-122.8641684,39.08718938,0,,-122.8641684,39.08718938,0,,TRUE,TRUE,TRUE,FALSE,,,
-122.8607178,39.08736348,0,,-122.8607178,39.08736348,0,,TRUE,TRUE,TRUE,FALSE,,,
-122.8572672,39.08753748,0,,-122.8572672,39.08753748,0,,TRUE,TRUE,TRUE,FALSE,,,
-122.8538165,39.08771138,0,,-122.8538165,39.08771138,0,,TRUE,TRUE,TRUE,FALSE,,,
-122.8503658,39.08788517,0,,-122.8503658,39.08788517,0,,TRUE,TRUE,TRUE,FALSE,,,
-122.8469151,39.08805886,0,,-122.8469151,39.08805886,0,,TRUE,TRUE,TRUE,FALSE,,,
-122.8400135,39.08840595,0,,-122.8400135,39.08840595,0,,TRUE,TRUE,TRUE,FALSE,,,
-122.8262101,39.08909889,0,,-122.8262101,39.08909889,0,,TRUE,TRUE,TRUE,FALSE,,,
-122.8227591,39.08927187,0,,-122.8227591,39.08927187,0,,TRUE,TRUE,TRUE,FALSE,,,
-122.8193081,39.08944475,0,,-122.8193081,39.08944475,0,,TRUE,TRUE,TRUE,FALSE,,,
-122.8158571,39.08961753,0,,-122.8158571,39.08961753,0,,TRUE,TRUE,TRUE,FALSE,,,
-122.8984482,39.0827538,0,,-122.8984482,39.0827538,0,,TRUE,TRUE,TRUE,FALSE,,,
-122.894998,39.08292889,0,,-122.894998,39.08292889,0,,TRUE,TRUE,TRUE,FALSE,,,
-122.8915478,39.08310389,0,,-122.8915478,39.08310389,0,,TRUE,TRUE,TRUE,FALSE,,,
-122.8880975,39.08327878,0,,-122.8880975,39.08327878,0,,TRUE,TRUE,TRUE,FALSE,,,
-122.8846473,39.08345357,0,,-122.8846473,39.08345357,0,,TRUE,TRUE,TRUE,FALSE,,,
-122.881197,39.08362827,0,,-122.881197,39.08362827,0,,TRUE,TRUE,TRUE,FALSE,,,
-122.8777466,39.08380285,0,,-122.8777466,39.08380285,0,,TRUE,TRUE,TRUE,FALSE,,,
-122.8742963,39.08397734,0,,-122.8742963,39.08397734,0,,TRUE,TRUE,TRUE,FALSE,,,
-122.8708459,39.08415173,0,,-122.8708459,39.08415173,0,,TRUE,TRUE,TRUE,FALSE,,,
-122.8673954,39.08432601,0,,-122.8673954,39.08432601,0,,TRUE,TRUE,TRUE,FALSE,,,
-122.863945,39.0845002,0,,-122.863945,39.0845002,0,,TRUE,TRUE,TRUE,FALSE,,,
-122.8604945,39.08467428,0,,-122.8604945,39.08467428,0,,TRUE,TRUE,TRUE,FALSE,,,
-122.857044,39.08484826,0,,-122.857044,39.08484826,0,,TRUE,TRUE,TRUE,FALSE,,,
-122.8501429,39.08519592,0,,-122.8501429,39.08519592,0,,TRUE,TRUE,TRUE,FALSE,,,
-122.8466923,39.0853696,0,,-122.8466923,39.0853696,0,,TRUE,TRUE,TRUE,FALSE,,,
-122.8225372,39.08658249,0,,-122.8225372,39.08658249,0,,TRUE,TRUE,TRUE,FALSE,,,
-122.8190864,39.08675535,0,,-122.8190864,39.08675535,0,,TRUE,TRUE,TRUE,FALSE,,,
-122.8156355,39.08692812,0,,-122.8156355,39.08692812,0,,TRUE,TRUE,TRUE,FALSE,,,
-122.8121846,39.08710078,0,,-122.8121846,39.08710078,0,,TRUE,TRUE,TRUE,FALSE,,,
-122.9016735,39.07988959,0,,-122.9016735,39.07988959,0,,TRUE,TRUE,TRUE,FALSE,,,
-122.8982235,39.08006477,0,,-122.8982235,39.08006477,0,,TRUE,TRUE,TRUE,FALSE,,,
-122.8947734,39.08023985,0,,-122.8947734,39.08023985,0,,TRUE,TRUE,TRUE,FALSE,,,
-122.8913233,39.08041483,0,,-122.8913233,39.08041483,0,,TRUE,TRUE,TRUE,FALSE,,,
-122.8878732,39.08058971,0,,-122.8878732,39.08058971,0,,TRUE,TRUE,TRUE,FALSE,,,
-122.8844231,39.08076449,0,,-122.8844231,39.08076449,0,,TRUE,TRUE,TRUE,FALSE,,,
-122.8809729,39.08093916,0,,-122.8809729,39.08093916,0,,TRUE,TRUE,TRUE,FALSE,,,
-122.8775227,39.08111373,0,,-122.8775227,39.08111373,0,,TRUE,TRUE,TRUE,FALSE,,,
-122.8740725,39.0812882,0,,-122.8740725,39.0812882,0,,TRUE,TRUE,TRUE,FALSE,,,
-122.8706222,39.08146257,0,,-122.8706222,39.08146257,0,,TRUE,TRUE,TRUE,FALSE,,,
-122.8568208,39.08215904,0,,-122.8568208,39.08215904,0,,TRUE,TRUE,TRUE,FALSE,,,
-122.84992,39.08250666,0,,-122.84992,39.08250666,0,,TRUE,TRUE,TRUE,FALSE,,,
-122.8464695,39.08268032,0,,-122.8464695,39.08268032,0,,TRUE,TRUE,TRUE,FALSE,,,
-122.843019,39.08285388,0,,-122.843019,39.08285388,0,,TRUE,TRUE,TRUE,FALSE,,,
-122.8223154,39.0838931,0,,-122.8223154,39.0838931,0,,TRUE,TRUE,TRUE,FALSE,,,
-122.8188647,39.08406595,0,,-122.8188647,39.08406595,0,,TRUE,TRUE,TRUE,FALSE,,,
-122.8154139,39.0842387,0,,-122.8154139,39.0842387,0,,TRUE,TRUE,TRUE,FALSE,,,
-122.8119631,39.08441134,0,,-122.8119631,39.08441134,0,,TRUE,TRUE,TRUE,FALSE,,,
-122.8085123,39.08458389,0,,-122.8085123,39.08458389,0,,TRUE,TRUE,TRUE,FALSE,,,
-122.8050615,39.08475633,0,,-122.8050615,39.08475633,0,,TRUE,TRUE,TRUE,FALSE,,,
-122.8016107,39.08492867,0,,-122.8016107,39.08492867,0,,TRUE,TRUE,TRUE,FALSE,,,
-122.7981598,39.08510091,0,,-122.7981598,39.08510091,0,,TRUE,TRUE,TRUE,FALSE,,,
-122.9014487,39.07720058,0,,-122.9014487,39.07720058,0,,TRUE,TRUE,TRUE,FALSE,,,
-122.8979988,39.07737575,0,,-122.8979988,39.07737575,0,,TRUE,TRUE,TRUE,FALSE,,,
-122.8945489,39.07755081,0,,-122.8945489,39.07755081,0,,TRUE,TRUE,TRUE,FALSE,,,
-122.8910989,39.07772577,0,,-122.8910989,39.07772577,0,,TRUE,TRUE,TRUE,FALSE,,,
-122.8876489,39.07790064,0,,-122.8876489,39.07790064,0,,TRUE,TRUE,TRUE,FALSE,,,
-122.8841989,39.07807539,0,,-122.8841989,39.07807539,0,,TRUE,TRUE,TRUE,FALSE,,,
-122.8807489,39.07825005,0,,-122.8807489,39.07825005,0,,TRUE,TRUE,TRUE,FALSE,,,
-122.8772988,39.07842461,0,,-122.8772988,39.07842461,0,,TRUE,TRUE,TRUE,FALSE,,,
-122.8738487,39.07859906,0,,-122.8738487,39.07859906,0,,TRUE,TRUE,TRUE,FALSE,,,
-122.8703985,39.07877342,0,,-122.8703985,39.07877342,0,,TRUE,TRUE,TRUE,FALSE,,,
-122.8565977,39.07946982,0,,-122.8565977,39.07946982,0,,TRUE,TRUE,TRUE,FALSE,,,
-122.8462468,39.07999105,0,,-122.8462468,39.07999105,0,,TRUE,TRUE,TRUE,FALSE,,,
-122.8427964,39.08016459,0,,-122.8427964,39.08016459,0,,TRUE,TRUE,TRUE,FALSE,,,
-122.839346,39.08033803,0,,-122.839346,39.08033803,0,,TRUE,TRUE,TRUE,FALSE,,,
-122.8358956,39.08051137,0,,-122.8358956,39.08051137,0,,TRUE,TRUE,TRUE,FALSE,,,
-122.8324451,39.08068461,0,,-122.8324451,39.08068461,0,,TRUE,TRUE,TRUE,FALSE,,,
-122.8289946,39.08085774,0,,-122.8289946,39.08085774,0,,TRUE,TRUE,TRUE,FALSE,,,
-122.8255441,39.08103078,0,,-122.8255441,39.08103078,0,,TRUE,TRUE,TRUE,FALSE,,,
-122.8220935,39.08120371,0,,-122.8220935,39.08120371,0,,TRUE,TRUE,TRUE,FALSE,,,
-122.8151923,39.08154927,0,,-122.8151923,39.08154927,0,,TRUE,TRUE,TRUE,FALSE,,,
-122.8117417,39.0817219,0,,-122.8117417,39.0817219,0,,TRUE,TRUE,TRUE,FALSE,,,
-122.808291,39.08189443,0,,-122.808291,39.08189443,0,,TRUE,TRUE,TRUE,FALSE,,,
-122.8048403,39.08206686,0,,-122.8048403,39.08206686,0,,TRUE,TRUE,TRUE,FALSE,,,
-122.8013896,39.08223918,0,,-122.8013896,39.08223918,0,,TRUE,TRUE,TRUE,FALSE,,,
-122.7979389,39.0824114,0,,-122.7979389,39.0824114,0,,TRUE,TRUE,TRUE,FALSE,,,
-122.9012239,39.07451157,0,,-122.9012239,39.07451157,0,,TRUE,TRUE,TRUE,FALSE,,,
-122.8977741,39.07468672,0,,-122.8977741,39.07468672,0,,TRUE,TRUE,TRUE,FALSE,,,
-122.8943243,39.07486177,0,,-122.8943243,39.07486177,0,,TRUE,TRUE,TRUE,FALSE,,,
-122.8908745,39.07503671,0,,-122.8908745,39.07503671,0,,TRUE,TRUE,TRUE,FALSE,,,
-122.8874247,39.07521156,0,,-122.8874247,39.07521156,0,,TRUE,TRUE,TRUE,FALSE,,,
-122.8839748,39.0753863,0,,-122.8839748,39.0753863,0,,TRUE,TRUE,TRUE,FALSE,,,
-122.8805249,39.07556094,0,,-122.8805249,39.07556094,0,,TRUE,TRUE,TRUE,FALSE,,,
-122.8770749,39.07573548,0,,-122.8770749,39.07573548,0,,TRUE,TRUE,TRUE,FALSE,,,
-122.8736249,39.07590992,0,,-122.8736249,39.07590992,0,,TRUE,TRUE,TRUE,FALSE,,,
-122.8701749,39.07608426,0,,-122.8701749,39.07608426,0,,TRUE,TRUE,TRUE,FALSE,,,
-122.8667249,39.07625849,0,,-122.8667249,39.07625849,0,,TRUE,TRUE,TRUE,FALSE,,,
-122.8632748,39.07643263,0,,-122.8632748,39.07643263,0,,TRUE,TRUE,TRUE,FALSE,,,
-122.8598247,39.07660666,0,,-122.8598247,39.07660666,0,,TRUE,TRUE,TRUE,FALSE,,,
-122.8529245,39.07695442,0,,-122.8529245,39.07695442,0,,TRUE,TRUE,TRUE,FALSE,,,
-122.8425738,39.0774753,0,,-122.8425738,39.0774753,0,,TRUE,TRUE,TRUE,FALSE,,,
-122.8391236,39.07764872,0,,-122.8391236,39.07764872,0,,TRUE,TRUE,TRUE,FALSE,,,
-122.8356732,39.07782205,0,,-122.8356732,39.07782205,0,,TRUE,TRUE,TRUE,FALSE,,,
-122.8322229,39.07799527,0,,-122.8322229,39.07799527,0,,TRUE,TRUE,TRUE,FALSE,,,
-122.8046192,39.07937738,0,,-122.8046192,39.07937738,0,,TRUE,TRUE,TRUE,FALSE,,,
-122.8011686,39.07954969,0,,-122.8011686,39.07954969,0,,TRUE,TRUE,TRUE,FALSE,,,
-122.797718,39.0797219,0,,-122.797718,39.0797219,0,,TRUE,TRUE,TRUE,FALSE,,,
-122.7942673,39.079894,0,,-122.7942673,39.079894,0,,TRUE,TRUE,TRUE,FALSE,,,
-122.9078983,39.07147199,0,,-122.9078983,39.07147199,0,,TRUE,TRUE,TRUE,FALSE,,,
-122.9044488,39.07164733,0,,-122.9044488,39.07164733,0,,TRUE,TRUE,TRUE,FALSE,,,
-122.9009991,39.07182256,0,,-122.9009991,39.07182256,0,,TRUE,TRUE,TRUE,FALSE,,,
-122.8975495,39.07199769,0,,-122.8975495,39.07199769,0,,TRUE,TRUE,TRUE,FALSE,,,
-122.8940998,39.07217272,0,,-122.8940998,39.07217272,0,,TRUE,TRUE,TRUE,FALSE,,,
-122.8906502,39.07234765,0,,-122.8906502,39.07234765,0,,TRUE,TRUE,TRUE,FALSE,,,
-122.8872004,39.07252248,0,,-122.8872004,39.07252248,0,,TRUE,TRUE,TRUE,FALSE,,,
-122.8837507,39.0726972,0,,-122.8837507,39.0726972,0,,TRUE,TRUE,TRUE,FALSE,,,
-122.8803009,39.07287183,0,,-122.8803009,39.07287183,0,,TRUE,TRUE,TRUE,FALSE,,,
-122.8768511,39.07304635,0,,-122.8768511,39.07304635,0,,TRUE,TRUE,TRUE,FALSE,,,
-122.8734012,39.07322077,0,,-122.8734012,39.07322077,0,,TRUE,TRUE,TRUE,FALSE,,,
-122.8699514,39.07339509,0,,-122.8699514,39.07339509,0,,TRUE,TRUE,TRUE,FALSE,,,
-122.8665014,39.07356931,0,,-122.8665014,39.07356931,0,,TRUE,TRUE,TRUE,FALSE,,,
-122.8630515,39.07374343,0,,-122.8630515,39.07374343,0,,TRUE,TRUE,TRUE,FALSE,,,
-122.8596015,39.07391745,0,,-122.8596015,39.07391745,0,,TRUE,TRUE,TRUE,FALSE,,,
-122.8561516,39.07409136,0,,-122.8561516,39.07409136,0,,TRUE,TRUE,TRUE,FALSE,,,
-122.8527015,39.07426517,0,,-122.8527015,39.07426517,0,,TRUE,TRUE,TRUE,FALSE,,,
-122.8492515,39.07443889,0,,-122.8492515,39.07443889,0,,TRUE,TRUE,TRUE,FALSE,,,
-122.8389011,39.07495941,0,,-122.8389011,39.07495941,0,,TRUE,TRUE,TRUE,FALSE,,,
-122.835451,39.07513272,0,,-122.835451,39.07513272,0,,TRUE,TRUE,TRUE,FALSE,,,
-122.8320008,39.07530592,0,,-122.8320008,39.07530592,0,,TRUE,TRUE,TRUE,FALSE,,,
-122.8251003,39.07565203,0,,-122.8251003,39.07565203,0,,TRUE,TRUE,TRUE,FALSE,,,
-122.8009476,39.0768602,0,,-122.8009476,39.0768602,0,,TRUE,TRUE,TRUE,FALSE,,,
-122.7974971,39.07703239,0,,-122.7974971,39.07703239,0,,TRUE,TRUE,TRUE,FALSE,,,
-122.7940466,39.07720448,0,,-122.7940466,39.07720448,0,,TRUE,TRUE,TRUE,FALSE,,,
-122.790596,39.07737646,0,,-122.790596,39.07737646,0,,TRUE,TRUE,TRUE,FALSE,,,
-122.9042239,39.06895833,0,,-122.9042239,39.06895833,0,,TRUE,TRUE,TRUE,FALSE,,,
-122.9007744,39.06913355,0,,-122.9007744,39.06913355,0,,TRUE,TRUE,TRUE,FALSE,,,
-122.8973249,39.06930866,0,,-122.8973249,39.06930866,0,,TRUE,TRUE,TRUE,FALSE,,,
-122.8938754,39.06948367,0,,-122.8938754,39.06948367,0,,TRUE,TRUE,TRUE,FALSE,,,
-122.8904258,39.06965859,0,,-122.8904258,39.06965859,0,,TRUE,TRUE,TRUE,FALSE,,,
-122.8869762,39.0698334,0,,-122.8869762,39.0698334,0,,TRUE,TRUE,TRUE,FALSE,,,
-122.8835266,39.07000811,0,,-122.8835266,39.07000811,0,,TRUE,TRUE,TRUE,FALSE,,,
-122.8800769,39.07018271,0,,-122.8800769,39.07018271,0,,TRUE,TRUE,TRUE,FALSE,,,
-122.8766273,39.07035722,0,,-122.8766273,39.07035722,0,,TRUE,TRUE,TRUE,FALSE,,,
-122.8731775,39.07053163,0,,-122.8731775,39.07053163,0,,TRUE,TRUE,TRUE,FALSE,,,
-122.8697278,39.07070593,0,,-122.8697278,39.07070593,0,,TRUE,TRUE,TRUE,FALSE,,,
-122.866278,39.07088013,0,,-122.866278,39.07088013,0,,TRUE,TRUE,TRUE,FALSE,,,
-122.8628282,39.07105423,0,,-122.8628282,39.07105423,0,,TRUE,TRUE,TRUE,FALSE,,,
-122.8593784,39.07122823,0,,-122.8593784,39.07122823,0,,TRUE,TRUE,TRUE,FALSE,,,
-122.8559285,39.07140213,0,,-122.8559285,39.07140213,0,,TRUE,TRUE,TRUE,FALSE,,,
-122.8386787,39.0722701,0,,-122.8386787,39.0722701,0,,TRUE,TRUE,TRUE,FALSE,,,
-122.8352287,39.07244339,0,,-122.8352287,39.07244339,0,,TRUE,TRUE,TRUE,FALSE,,,
-122.8317786,39.07261658,0,,-122.8317786,39.07261658,0,,TRUE,TRUE,TRUE,FALSE,,,
-122.8283285,39.07278966,0,,-122.8283285,39.07278966,0,,TRUE,TRUE,TRUE,FALSE,,,
-122.804177,39.07399843,0,,-122.804177,39.07399843,0,,TRUE,TRUE,TRUE,FALSE,,,
-122.8007266,39.0741707,0,,-122.8007266,39.0741707,0,,TRUE,TRUE,TRUE,FALSE,,,
-122.7972763,39.07434288,0,,-122.7972763,39.07434288,0,,TRUE,TRUE,TRUE,FALSE,,,
-122.7938259,39.07451495,0,,-122.7938259,39.07451495,0,,TRUE,TRUE,TRUE,FALSE,,,
-122.7903754,39.07468692,0,,-122.7903754,39.07468692,0,,TRUE,TRUE,TRUE,FALSE,,,
-122.9074484,39.06609403,0,,-122.9074484,39.06609403,0,,TRUE,TRUE,TRUE,FALSE,,,
-122.8971004,39.06661963,0,,-122.8971004,39.06661963,0,,TRUE,TRUE,TRUE,FALSE,,,
-122.893651,39.06679462,0,,-122.893651,39.06679462,0,,TRUE,TRUE,TRUE,FALSE,,,
-122.8902015,39.06696952,0,,-122.8902015,39.06696952,0,,TRUE,TRUE,TRUE,FALSE,,,
-122.8867521,39.06714431,0,,-122.8867521,39.06714431,0,,TRUE,TRUE,TRUE,FALSE,,,
-122.8833026,39.06731901,0,,-122.8833026,39.06731901,0,,TRUE,TRUE,TRUE,FALSE,,,
-122.879853,39.0674936,0,,-122.879853,39.0674936,0,,TRUE,TRUE,TRUE,FALSE,,,
-122.8764035,39.06766809,0,,-122.8764035,39.06766809,0,,TRUE,TRUE,TRUE,FALSE,,,
-122.8729539,39.06784248,0,,-122.8729539,39.06784248,0,,TRUE,TRUE,TRUE,FALSE,,,
-122.8695043,39.06801676,0,,-122.8695043,39.06801676,0,,TRUE,TRUE,TRUE,FALSE,,,
-122.8660546,39.06819095,0,,-122.8660546,39.06819095,0,,TRUE,TRUE,TRUE,FALSE,,,
-122.862605,39.06836503,0,,-122.862605,39.06836503,0,,TRUE,TRUE,TRUE,FALSE,,,
-122.8591552,39.06853902,0,,-122.8591552,39.06853902,0,,TRUE,TRUE,TRUE,FALSE,,,
-122.8557055,39.0687129,0,,-122.8557055,39.0687129,0,,TRUE,TRUE,TRUE,FALSE,,,
-122.8522557,39.06888668,0,,-122.8522557,39.06888668,0,,TRUE,TRUE,TRUE,FALSE,,,
-122.8384564,39.06958078,0,,-122.8384564,39.06958078,0,,TRUE,TRUE,TRUE,FALSE,,,
-122.8350065,39.06975406,0,,-122.8350065,39.06975406,0,,TRUE,TRUE,TRUE,FALSE,,,
-122.8315565,39.06992723,0,,-122.8315565,39.06992723,0,,TRUE,TRUE,TRUE,FALSE,,,
-122.8143064,39.07079156,0,,-122.8143064,39.07079156,0,,TRUE,TRUE,TRUE,FALSE,,,
-122.8108562,39.07096413,0,,-122.8108562,39.07096413,0,,TRUE,TRUE,TRUE,FALSE,,,
-122.8074061,39.07113659,0,,-122.8074061,39.07113659,0,,TRUE,TRUE,TRUE,FALSE,,,
-122.8039559,39.07130895,0,,-122.8039559,39.07130895,0,,TRUE,TRUE,TRUE,FALSE,,,
-122.8005057,39.0714812,0,,-122.8005057,39.0714812,0,,TRUE,TRUE,TRUE,FALSE,,,
-122.7970555,39.07165336,0,,-122.7970555,39.07165336,0,,TRUE,TRUE,TRUE,FALSE,,,
-122.7936052,39.07182542,0,,-122.7936052,39.07182542,0,,TRUE,TRUE,TRUE,FALSE,,,
-122.7901549,39.07199737,0,,-122.7901549,39.07199737,0,,TRUE,TRUE,TRUE,FALSE,,,
-122.9072235,39.06340504,0,,-122.9072235,39.06340504,0,,TRUE,TRUE,TRUE,FALSE,,,
-122.9003251,39.06375551,0,,-122.9003251,39.06375551,0,,TRUE,TRUE,TRUE,FALSE,,,
-122.8968758,39.06393059,0,,-122.8968758,39.06393059,0,,TRUE,TRUE,TRUE,FALSE,,,
-122.8934266,39.06410557,0,,-122.8934266,39.06410557,0,,TRUE,TRUE,TRUE,FALSE,,,
-122.8899773,39.06428045,0,,-122.8899773,39.06428045,0,,TRUE,TRUE,TRUE,FALSE,,,
-122.8865279,39.06445523,0,,-122.8865279,39.06445523,0,,TRUE,TRUE,TRUE,FALSE,,,
-122.8830785,39.0646299,0,,-122.8830785,39.0646299,0,,TRUE,TRUE,TRUE,FALSE,,,
-122.8796292,39.06480448,0,,-122.8796292,39.06480448,0,,TRUE,TRUE,TRUE,FALSE,,,
-122.8761797,39.06497895,0,,-122.8761797,39.06497895,0,,TRUE,TRUE,TRUE,FALSE,,,
-122.8727303,39.06515332,0,,-122.8727303,39.06515332,0,,TRUE,TRUE,TRUE,FALSE,,,
-122.8692808,39.06532759,0,,-122.8692808,39.06532759,0,,TRUE,TRUE,TRUE,FALSE,,,
-122.8658313,39.06550176,0,,-122.8658313,39.06550176,0,,TRUE,TRUE,TRUE,FALSE,,,
-122.8623817,39.06567583,0,,-122.8623817,39.06567583,0,,TRUE,TRUE,TRUE,FALSE,,,
-122.8589321,39.0658498,0,,-122.8589321,39.0658498,0,,TRUE,TRUE,TRUE,FALSE,,,
-122.8554825,39.06602366,0,,-122.8554825,39.06602366,0,,TRUE,TRUE,TRUE,FALSE,,,
-122.8520329,39.06619742,0,,-122.8520329,39.06619742,0,,TRUE,TRUE,TRUE,FALSE,,,
-122.8485832,39.06637109,0,,-122.8485832,39.06637109,0,,TRUE,TRUE,TRUE,FALSE,,,
-122.8451335,39.06654465,0,,-122.8451335,39.06654465,0,,TRUE,TRUE,TRUE,FALSE,,,
-122.8416838,39.06671811,0,,-122.8416838,39.06671811,0,,TRUE,TRUE,TRUE,FALSE,,,
-122.8382341,39.06689146,0,,-122.8382341,39.06689146,0,,TRUE,TRUE,TRUE,FALSE,,,
-122.8347843,39.06706472,0,,-122.8347843,39.06706472,0,,TRUE,TRUE,TRUE,FALSE,,,
-122.8313345,39.06723788,0,,-122.8313345,39.06723788,0,,TRUE,TRUE,TRUE,FALSE,,,
-122.810635,39.06827467,0,,-122.810635,39.06827467,0,,TRUE,TRUE,TRUE,FALSE,,,
-122.8071849,39.06844712,0,,-122.8071849,39.06844712,0,,TRUE,TRUE,TRUE,FALSE,,,
-122.8002848,39.06879171,0,,-122.8002848,39.06879171,0,,TRUE,TRUE,TRUE,FALSE,,,
-122.7968347,39.06896385,0,,-122.7968347,39.06896385,0,,TRUE,TRUE,TRUE,FALSE,,,
-122.7933846,39.06913589,0,,-122.7933846,39.06913589,0,,TRUE,TRUE,TRUE,FALSE,,,
-122.7899344,39.06930782,0,,-122.7899344,39.06930782,0,,TRUE,TRUE,TRUE,FALSE,,,
-122.7864842,39.06947966,0,,-122.7864842,39.06947966,0,,TRUE,TRUE,TRUE,FALSE,,,
-122.9069986,39.06071605,0,,-122.9069986,39.06071605,0,,TRUE,TRUE,TRUE,FALSE,,,
-122.9035495,39.06089132,0,,-122.9035495,39.06089132,0,,TRUE,TRUE,TRUE,FALSE,,,
-122.9001005,39.06106649,0,,-122.9001005,39.06106649,0,,TRUE,TRUE,TRUE,FALSE,,,
-122.8966513,39.06124155,0,,-122.8966513,39.06124155,0,,TRUE,TRUE,TRUE,FALSE,,,
-122.8932022,39.06141652,0,,-122.8932022,39.06141652,0,,TRUE,TRUE,TRUE,FALSE,,,
-122.889753,39.06159138,0,,-122.889753,39.06159138,0,,TRUE,TRUE,TRUE,FALSE,,,
-122.8863038,39.06176614,0,,-122.8863038,39.06176614,0,,TRUE,TRUE,TRUE,FALSE,,,
-122.8828546,39.0619408,0,,-122.8828546,39.0619408,0,,TRUE,TRUE,TRUE,FALSE,,,
-122.8794053,39.06211536,0,,-122.8794053,39.06211536,0,,TRUE,TRUE,TRUE,FALSE,,,
-122.875956,39.06228981,0,,-122.875956,39.06228981,0,,TRUE,TRUE,TRUE,FALSE,,,
-122.8725067,39.06246417,0,,-122.8725067,39.06246417,0,,TRUE,TRUE,TRUE,FALSE,,,
-122.8690573,39.06263842,0,,-122.8690573,39.06263842,0,,TRUE,TRUE,TRUE,FALSE,,,
-122.8656079,39.06281257,0,,-122.8656079,39.06281257,0,,TRUE,TRUE,TRUE,FALSE,,,
-122.8621585,39.06298662,0,,-122.8621585,39.06298662,0,,TRUE,TRUE,TRUE,FALSE,,,
-122.8587091,39.06316057,0,,-122.8587091,39.06316057,0,,TRUE,TRUE,TRUE,FALSE,,,
-122.8552596,39.06333442,0,,-122.8552596,39.06333442,0,,TRUE,TRUE,TRUE,FALSE,,,
-122.8518101,39.06350817,0,,-122.8518101,39.06350817,0,,TRUE,TRUE,TRUE,FALSE,,,
-122.8483606,39.06368182,0,,-122.8483606,39.06368182,0,,TRUE,TRUE,TRUE,FALSE,,,
-122.844911,39.06385536,0,,-122.844911,39.06385536,0,,TRUE,TRUE,TRUE,FALSE,,,
-122.8414614,39.0640288,0,,-122.8414614,39.0640288,0,,TRUE,TRUE,TRUE,FALSE,,,
-122.824213,39.06489449,0,,-122.824213,39.06489449,0,,TRUE,TRUE,TRUE,FALSE,,,
-122.8207632,39.06506733,0,,-122.8207632,39.06506733,0,,TRUE,TRUE,TRUE,FALSE,,,
-122.8173134,39.06524006,0,,-122.8173134,39.06524006,0,,TRUE,TRUE,TRUE,FALSE,,,
-122.8104137,39.06558522,0,,-122.8104137,39.06558522,0,,TRUE,TRUE,TRUE,FALSE,,,
-122.8069638,39.06575765,0,,-122.8069638,39.06575765,0,,TRUE,TRUE,TRUE,FALSE,,,
-122.8035139,39.06592998,0,,-122.8035139,39.06592998,0,,TRUE,TRUE,TRUE,FALSE,,,
-122.8000639,39.0661022,0,,-122.8000639,39.0661022,0,,TRUE,TRUE,TRUE,FALSE,,,
-122.796614,39.06627433,0,,-122.796614,39.06627433,0,,TRUE,TRUE,TRUE,FALSE,,,
-122.7931639,39.06644635,0,,-122.7931639,39.06644635,0,,TRUE,TRUE,TRUE,FALSE,,,
-122.7897139,39.06661827,0,,-122.7897139,39.06661827,0,,TRUE,TRUE,TRUE,FALSE,,,
-122.7862638,39.06679009,0,,-122.7862638,39.06679009,0,,TRUE,TRUE,TRUE,FALSE,,,
-122.9033248,39.05820231,0,,-122.9033248,39.05820231,0,,TRUE,TRUE,TRUE,FALSE,,,
-122.8998759,39.05837746,0,,-122.8998759,39.05837746,0,,TRUE,TRUE,TRUE,FALSE,,,
-122.8964269,39.05855251,0,,-122.8964269,39.05855251,0,,TRUE,TRUE,TRUE,FALSE,,,
-122.8929778,39.05872746,0,,-122.8929778,39.05872746,0,,TRUE,TRUE,TRUE,FALSE,,,
-122.8895288,39.0589023,0,,-122.8895288,39.0589023,0,,TRUE,TRUE,TRUE,FALSE,,,
-122.8860797,39.05907705,0,,-122.8860797,39.05907705,0,,TRUE,TRUE,TRUE,FALSE,,,
-122.8826306,39.05925169,0,,-122.8826306,39.05925169,0,,TRUE,TRUE,TRUE,FALSE,,,
-122.8791815,39.05942623,0,,-122.8791815,39.05942623,0,,TRUE,TRUE,TRUE,FALSE,,,
-122.8757323,39.05960067,0,,-122.8757323,39.05960067,0,,TRUE,TRUE,TRUE,FALSE,,,
-122.8722831,39.05977501,0,,-122.8722831,39.05977501,0,,TRUE,TRUE,TRUE,FALSE,,,
-122.8688339,39.05994925,0,,-122.8688339,39.05994925,0,,TRUE,TRUE,TRUE,FALSE,,,
-122.8619353,39.06029742,0,,-122.8619353,39.06029742,0,,TRUE,TRUE,TRUE,FALSE,,,
-122.858486,39.06047135,0,,-122.858486,39.06047135,0,,TRUE,TRUE,TRUE,FALSE,,,
-122.8550367,39.06064518,0,,-122.8550367,39.06064518,0,,TRUE,TRUE,TRUE,FALSE,,,
-122.8515873,39.06081891,0,,-122.8515873,39.06081891,0,,TRUE,TRUE,TRUE,FALSE,,,
-122.8481379,39.06099254,0,,-122.8481379,39.06099254,0,,TRUE,TRUE,TRUE,FALSE,,,
-122.8446885,39.06116607,0,,-122.8446885,39.06116607,0,,TRUE,TRUE,TRUE,FALSE,,,
-122.841239,39.0613395,0,,-122.841239,39.0613395,0,,TRUE,TRUE,TRUE,FALSE,,,
-122.8239912,39.06220511,0,,-122.8239912,39.06220511,0,,TRUE,TRUE,TRUE,FALSE,,,
-122.8205416,39.06237792,0,,-122.8205416,39.06237792,0,,TRUE,TRUE,TRUE,FALSE,,,
-122.8170919,39.06255064,0,,-122.8170919,39.06255064,0,,TRUE,TRUE,TRUE,FALSE,,,
-122.8067427,39.06306818,0,,-122.8067427,39.06306818,0,,TRUE,TRUE,TRUE,FALSE,,,
-122.8032929,39.06324049,0,,-122.8032929,39.06324049,0,,TRUE,TRUE,TRUE,FALSE,,,
-122.7998431,39.0634127,0,,-122.7998431,39.0634127,0,,TRUE,TRUE,TRUE,FALSE,,,
-122.7963932,39.06358481,0,,-122.7963932,39.06358481,0,,TRUE,TRUE,TRUE,FALSE,,,
-122.7929434,39.06375681,0,,-122.7929434,39.06375681,0,,TRUE,TRUE,TRUE,FALSE,,,
-122.7894934,39.06392872,0,,-122.7894934,39.06392872,0,,TRUE,TRUE,TRUE,FALSE,,,
-122.7860435,39.06410052,0,,-122.7860435,39.06410052,0,,TRUE,TRUE,TRUE,FALSE,,,
-122.9065489,39.05533807,0,,-122.9065489,39.05533807,0,,TRUE,TRUE,TRUE,FALSE,,,
-122.9031001,39.0555133,0,,-122.9031001,39.0555133,0,,TRUE,TRUE,TRUE,FALSE,,,
-122.8962024,39.05586347,0,,-122.8962024,39.05586347,0,,TRUE,TRUE,TRUE,FALSE,,,
-122.8927535,39.0560384,0,,-122.8927535,39.0560384,0,,TRUE,TRUE,TRUE,FALSE,,,
-122.8893046,39.05621323,0,,-122.8893046,39.05621323,0,,TRUE,TRUE,TRUE,FALSE,,,
-122.8858557,39.05638795,0,,-122.8858557,39.05638795,0,,TRUE,TRUE,TRUE,FALSE,,,
-122.8824067,39.05656258,0,,-122.8824067,39.05656258,0,,TRUE,TRUE,TRUE,FALSE,,,
-122.8789577,39.05673711,0,,-122.8789577,39.05673711,0,,TRUE,TRUE,TRUE,FALSE,,,
-122.8720596,39.05708585,0,,-122.8720596,39.05708585,0,,TRUE,TRUE,TRUE,FALSE,,,
-122.8686105,39.05726007,0,,-122.8686105,39.05726007,0,,TRUE,TRUE,TRUE,FALSE,,,
-122.8651614,39.05743419,0,,-122.8651614,39.05743419,0,,TRUE,TRUE,TRUE,FALSE,,,
-122.8617122,39.05760821,0,,-122.8617122,39.05760821,0,,TRUE,TRUE,TRUE,FALSE,,,
-122.858263,39.05778212,0,,-122.858263,39.05778212,0,,TRUE,TRUE,TRUE,FALSE,,,
-122.8548138,39.05795594,0,,-122.8548138,39.05795594,0,,TRUE,TRUE,TRUE,FALSE,,,
-122.8513645,39.05812965,0,,-122.8513645,39.05812965,0,,TRUE,TRUE,TRUE,FALSE,,,
-122.8479153,39.05830327,0,,-122.8479153,39.05830327,0,,TRUE,TRUE,TRUE,FALSE,,,
-122.844466,39.05847678,0,,-122.844466,39.05847678,0,,TRUE,TRUE,TRUE,FALSE,,,
-122.8410166,39.05865019,0,,-122.8410166,39.05865019,0,,TRUE,TRUE,TRUE,FALSE,,,
-122.8306684,39.05916981,0,,-122.8306684,39.05916981,0,,TRUE,TRUE,TRUE,FALSE,,,
-122.803072,39.060551,0,,-122.803072,39.060551,0,,TRUE,TRUE,TRUE,FALSE,,,
-122.7996223,39.06072319,0,,-122.7996223,39.06072319,0,,TRUE,TRUE,TRUE,FALSE,,,
-122.7961726,39.06089528,0,,-122.7961726,39.06089528,0,,TRUE,TRUE,TRUE,FALSE,,,
-122.7927228,39.06106727,0,,-122.7927228,39.06106727,0,,TRUE,TRUE,TRUE,FALSE,,,
-122.789273,39.06123916,0,,-122.789273,39.06123916,0,,TRUE,TRUE,TRUE,FALSE,,,
-122.8994267,39.05299941,0,,-122.8994267,39.05299941,0,,TRUE,TRUE,TRUE,FALSE,,,
-122.895978,39.05317442,0,,-122.895978,39.05317442,0,,TRUE,TRUE,TRUE,FALSE,,,
-122.8925293,39.05334934,0,,-122.8925293,39.05334934,0,,TRUE,TRUE,TRUE,FALSE,,,
-122.8890805,39.05352415,0,,-122.8890805,39.05352415,0,,TRUE,TRUE,TRUE,FALSE,,,
-122.8856317,39.05369886,0,,-122.8856317,39.05369886,0,,TRUE,TRUE,TRUE,FALSE,,,
-122.8821828,39.05387347,0,,-122.8821828,39.05387347,0,,TRUE,TRUE,TRUE,FALSE,,,
-122.8787339,39.05404798,0,,-122.8787339,39.05404798,0,,TRUE,TRUE,TRUE,FALSE,,,
-122.875285,39.05422238,0,,-122.875285,39.05422238,0,,TRUE,TRUE,TRUE,FALSE,,,
-122.8718361,39.05439669,0,,-122.8718361,39.05439669,0,,TRUE,TRUE,TRUE,FALSE,,,
-122.8683871,39.05457089,0,,-122.8683871,39.05457089,0,,TRUE,TRUE,TRUE,FALSE,,,
-122.8614891,39.054919,0,,-122.8614891,39.054919,0,,TRUE,TRUE,TRUE,FALSE,,,
-122.85804,39.0550929,0,,-122.85804,39.0550929,0,,TRUE,TRUE,TRUE,FALSE,,,
-122.8545909,39.05526669,0,,-122.8545909,39.05526669,0,,TRUE,TRUE,TRUE,FALSE,,,
-122.8511418,39.05544039,0,,-122.8511418,39.05544039,0,,TRUE,TRUE,TRUE,FALSE,,,
-122.8476927,39.05561399,0,,-122.8476927,39.05561399,0,,TRUE,TRUE,TRUE,FALSE,,,
-122.8442435,39.05578748,0,,-122.8442435,39.05578748,0,,TRUE,TRUE,TRUE,FALSE,,,
-122.8063006,39.05768923,0,,-122.8063006,39.05768923,0,,TRUE,TRUE,TRUE,FALSE,,,
-122.8028511,39.05786151,0,,-122.8028511,39.05786151,0,,TRUE,TRUE,TRUE,FALSE,,,
-122.7994015,39.05803368,0,,-122.7994015,39.05803368,0,,TRUE,TRUE,TRUE,FALSE,,,
-122.7959519,39.05820576,0,,-122.7959519,39.05820576,0,,TRUE,TRUE,TRUE,FALSE,,,
-122.7925023,39.05837773,0,,-122.7925023,39.05837773,0,,TRUE,TRUE,TRUE,FALSE,,,
-122.7890526,39.05854961,0,,-122.7890526,39.05854961,0,,TRUE,TRUE,TRUE,FALSE,,,
-122.7856029,39.05872138,0,,-122.7856029,39.05872138,0,,TRUE,TRUE,TRUE,FALSE,,,
-122.8957536,39.05048538,0,,-122.8957536,39.05048538,0,,TRUE,TRUE,TRUE,FALSE,,,
-122.892305,39.05066027,0,,-122.892305,39.05066027,0,,TRUE,TRUE,TRUE,FALSE,,,
-122.8888564,39.05083507,0,,-122.8888564,39.05083507,0,,TRUE,TRUE,TRUE,FALSE,,,
-122.8854077,39.05100976,0,,-122.8854077,39.05100976,0,,TRUE,TRUE,TRUE,FALSE,,,
-122.8819589,39.05118435,0,,-122.8819589,39.05118435,0,,TRUE,TRUE,TRUE,FALSE,,,
-122.8785102,39.05135885,0,,-122.8785102,39.05135885,0,,TRUE,TRUE,TRUE,FALSE,,,
-122.8750614,39.05153324,0,,-122.8750614,39.05153324,0,,TRUE,TRUE,TRUE,FALSE,,,
-122.8716126,39.05170752,0,,-122.8716126,39.05170752,0,,TRUE,TRUE,TRUE,FALSE,,,
-122.861266,39.05222978,0,,-122.861266,39.05222978,0,,TRUE,TRUE,TRUE,FALSE,,,
-122.8440211,39.05309819,0,,-122.8440211,39.05309819,0,,TRUE,TRUE,TRUE,FALSE,,,
-122.8302246,39.05379108,0,,-122.8302246,39.05379108,0,,TRUE,TRUE,TRUE,FALSE,,,
-122.8267754,39.05396405,0,,-122.8267754,39.05396405,0,,TRUE,TRUE,TRUE,FALSE,,,
-122.8233261,39.05413692,0,,-122.8233261,39.05413692,0,,TRUE,TRUE,TRUE,FALSE,,,
-122.8198769,39.05430969,0,,-122.8198769,39.05430969,0,,TRUE,TRUE,TRUE,FALSE,,,
-122.8129783,39.05465493,0,,-122.8129783,39.05465493,0,,TRUE,TRUE,TRUE,FALSE,,,
-122.8095289,39.05482739,0,,-122.8095289,39.05482739,0,,TRUE,TRUE,TRUE,FALSE,,,
-122.8060796,39.05499975,0,,-122.8060796,39.05499975,0,,TRUE,TRUE,TRUE,FALSE,,,
-122.8026302,39.05517201,0,,-122.8026302,39.05517201,0,,TRUE,TRUE,TRUE,FALSE,,,
-122.7991807,39.05534417,0,,-122.7991807,39.05534417,0,,TRUE,TRUE,TRUE,FALSE,,,
-122.7957313,39.05551623,0,,-122.7957313,39.05551623,0,,TRUE,TRUE,TRUE,FALSE,,,
-122.7922818,39.05568819,0,,-122.7922818,39.05568819,0,,TRUE,TRUE,TRUE,FALSE,,,
-122.7888323,39.05586005,0,,-122.7888323,39.05586005,0,,TRUE,TRUE,TRUE,FALSE,,,
-122.7853827,39.0560318,0,,-122.7853827,39.0560318,0,,TRUE,TRUE,TRUE,FALSE,,,
-122.7819331,39.05620345,0,,-122.7819331,39.05620345,0,,TRUE,TRUE,TRUE,FALSE,,,
-122.8955293,39.04779633,0,,-122.8955293,39.04779633,0,,TRUE,TRUE,TRUE,FALSE,,,
-122.8920808,39.04797121,0,,-122.8920808,39.04797121,0,,TRUE,TRUE,TRUE,FALSE,,,
-122.8851837,39.04832066,0,,-122.8851837,39.04832066,0,,TRUE,TRUE,TRUE,FALSE,,,
-122.8817351,39.04849524,0,,-122.8817351,39.04849524,0,,TRUE,TRUE,TRUE,FALSE,,,
-122.8782865,39.04866971,0,,-122.8782865,39.04866971,0,,TRUE,TRUE,TRUE,FALSE,,,
-122.8748378,39.04884409,0,,-122.8748378,39.04884409,0,,TRUE,TRUE,TRUE,FALSE,,,
-122.8713892,39.04901836,0,,-122.8713892,39.04901836,0,,TRUE,TRUE,TRUE,FALSE,,,
-122.8437986,39.05040889,0,,-122.8437986,39.05040889,0,,TRUE,TRUE,TRUE,FALSE,,,
-122.8300027,39.05110172,0,,-122.8300027,39.05110172,0,,TRUE,TRUE,TRUE,FALSE,,,
-122.8265536,39.05127467,0,,-122.8265536,39.05127467,0,,TRUE,TRUE,TRUE,FALSE,,,
-122.8231045,39.05144753,0,,-122.8231045,39.05144753,0,,TRUE,TRUE,TRUE,FALSE,,,
-122.8162062,39.05179293,0,,-122.8162062,39.05179293,0,,TRUE,TRUE,TRUE,FALSE,,,
-122.812757,39.05196548,0,,-122.812757,39.05196548,0,,TRUE,TRUE,TRUE,FALSE,,,
-122.8093078,39.05213793,0,,-122.8093078,39.05213793,0,,TRUE,TRUE,TRUE,FALSE,,,
-122.8058586,39.05231027,0,,-122.8058586,39.05231027,0,,TRUE,TRUE,TRUE,FALSE,,,
-122.8024093,39.05248252,0,,-122.8024093,39.05248252,0,,TRUE,TRUE,TRUE,FALSE,,,
-122.79896,39.05265466,0,,-122.79896,39.05265466,0,,TRUE,TRUE,TRUE,FALSE,,,
-122.7955107,39.0528267,0,,-122.7955107,39.0528267,0,,TRUE,TRUE,TRUE,FALSE,,,
-122.7920613,39.05299864,0,,-122.7920613,39.05299864,0,,TRUE,TRUE,TRUE,FALSE,,,
-122.7886119,39.05317048,0,,-122.7886119,39.05317048,0,,TRUE,TRUE,TRUE,FALSE,,,
-122.7851625,39.05334222,0,,-122.7851625,39.05334222,0,,TRUE,TRUE,TRUE,FALSE,,,
-122.8987533,39.04493231,0,,-122.8987533,39.04493231,0,,TRUE,TRUE,TRUE,FALSE,,,
-122.8918566,39.04528214,0,,-122.8918566,39.04528214,0,,TRUE,TRUE,TRUE,FALSE,,,
-122.8849598,39.04563156,0,,-122.8849598,39.04563156,0,,TRUE,TRUE,TRUE,FALSE,,,
-122.8815113,39.04580612,0,,-122.8815113,39.04580612,0,,TRUE,TRUE,TRUE,FALSE,,,
-122.8780628,39.04598058,0,,-122.8780628,39.04598058,0,,TRUE,TRUE,TRUE,FALSE,,,
-122.8746143,39.04615493,0,,-122.8746143,39.04615493,0,,TRUE,TRUE,TRUE,FALSE,,,
-122.8711657,39.04632919,0,,-122.8711657,39.04632919,0,,TRUE,TRUE,TRUE,FALSE,,,
-122.8366786,39.04806617,0,,-122.8366786,39.04806617,0,,TRUE,TRUE,TRUE,FALSE,,,
-122.8228829,39.04875813,0,,-122.8228829,39.04875813,0,,TRUE,TRUE,TRUE,FALSE,,,
-122.8194339,39.04893086,0,,-122.8194339,39.04893086,0,,TRUE,TRUE,TRUE,FALSE,,,
-122.8159849,39.0491035,0,,-122.8159849,39.0491035,0,,TRUE,TRUE,TRUE,FALSE,,,
-122.8125358,39.04927603,0,,-122.8125358,39.04927603,0,,TRUE,TRUE,TRUE,FALSE,,,
-122.8090868,39.04944846,0,,-122.8090868,39.04944846,0,,TRUE,TRUE,TRUE,FALSE,,,
-122.8056376,39.04962079,0,,-122.8056376,39.04962079,0,,TRUE,TRUE,TRUE,FALSE,,,
-122.8021885,39.04979302,0,,-122.8021885,39.04979302,0,,TRUE,TRUE,TRUE,FALSE,,,
-122.7987393,39.04996514,0,,-122.7987393,39.04996514,0,,TRUE,TRUE,TRUE,FALSE,,,
-122.7952901,39.05013717,0,,-122.7952901,39.05013717,0,,TRUE,TRUE,TRUE,FALSE,,,
-122.7918409,39.0503091,0,,-122.7918409,39.0503091,0,,TRUE,TRUE,TRUE,FALSE,,,
-122.7883916,39.05048092,0,,-122.7883916,39.05048092,0,,TRUE,TRUE,TRUE,FALSE,,,
-122.8916324,39.04259306,0,,-122.8916324,39.04259306,0,,TRUE,TRUE,TRUE,FALSE,,,
-122.8881842,39.04276781,0,,-122.8881842,39.04276781,0,,TRUE,TRUE,TRUE,FALSE,,,
-122.8847359,39.04294245,0,,-122.8847359,39.04294245,0,,TRUE,TRUE,TRUE,FALSE,,,
-122.8812875,39.043117,0,,-122.8812875,39.043117,0,,TRUE,TRUE,TRUE,FALSE,,,
-122.8778392,39.04329144,0,,-122.8778392,39.04329144,0,,TRUE,TRUE,TRUE,FALSE,,,
-122.8743908,39.04346578,0,,-122.8743908,39.04346578,0,,TRUE,TRUE,TRUE,FALSE,,,
-122.8709424,39.04364002,0,,-122.8709424,39.04364002,0,,TRUE,TRUE,TRUE,FALSE,,,
-122.8364565,39.04537683,0,,-122.8364565,39.04537683,0,,TRUE,TRUE,TRUE,FALSE,,,
-122.8330078,39.04554996,0,,-122.8330078,39.04554996,0,,TRUE,TRUE,TRUE,FALSE,,,
-122.8261102,39.0458959,0,,-122.8261102,39.0458959,0,,TRUE,TRUE,TRUE,FALSE,,,
-122.8226613,39.04606872,0,,-122.8226613,39.04606872,0,,TRUE,TRUE,TRUE,FALSE,,,
-122.8192125,39.04624144,0,,-122.8192125,39.04624144,0,,TRUE,TRUE,TRUE,FALSE,,,
-122.8157636,39.04641406,0,,-122.8157636,39.04641406,0,,TRUE,TRUE,TRUE,FALSE,,,
-122.8123147,39.04658658,0,,-122.8123147,39.04658658,0,,TRUE,TRUE,TRUE,FALSE,,,
-122.8088657,39.04675899,0,,-122.8088657,39.04675899,0,,TRUE,TRUE,TRUE,FALSE,,,
-122.8054167,39.0469313,0,,-122.8054167,39.0469313,0,,TRUE,TRUE,TRUE,FALSE,,,
-122.8019677,39.04710352,0,,-122.8019677,39.04710352,0,,TRUE,TRUE,TRUE,FALSE,,,
-122.7985187,39.04727563,0,,-122.7985187,39.04727563,0,,TRUE,TRUE,TRUE,FALSE,,,
-122.7950696,39.04744764,0,,-122.7950696,39.04744764,0,,TRUE,TRUE,TRUE,FALSE,,,
-122.7916205,39.04761954,0,,-122.7916205,39.04761954,0,,TRUE,TRUE,TRUE,FALSE,,,
-122.7881713,39.04779135,0,,-122.7881713,39.04779135,0,,TRUE,TRUE,TRUE,FALSE,,,
-122.7847222,39.04796306,0,,-122.7847222,39.04796306,0,,TRUE,TRUE,TRUE,FALSE,,,
-122.8948564,39.03972916,0,,-122.8948564,39.03972916,0,,TRUE,TRUE,TRUE,FALSE,,,
-122.8914083,39.03990399,0,,-122.8914083,39.03990399,0,,TRUE,TRUE,TRUE,FALSE,,,
-122.8879602,39.04007872,0,,-122.8879602,39.04007872,0,,TRUE,TRUE,TRUE,FALSE,,,
-122.884512,39.04025335,0,,-122.884512,39.04025335,0,,TRUE,TRUE,TRUE,FALSE,,,
-122.8810638,39.04042787,0,,-122.8810638,39.04042787,0,,TRUE,TRUE,TRUE,FALSE,,,
-122.8776156,39.0406023,0,,-122.8776156,39.0406023,0,,TRUE,TRUE,TRUE,FALSE,,,
-122.8741673,39.04077662,0,,-122.8741673,39.04077662,0,,TRUE,TRUE,TRUE,FALSE,,,
-122.870719,39.04095084,0,,-122.870719,39.04095084,0,,TRUE,TRUE,TRUE,FALSE,,,
-122.839683,39.04251429,0,,-122.839683,39.04251429,0,,TRUE,TRUE,TRUE,FALSE,,,
-122.8362345,39.04268749,0,,-122.8362345,39.04268749,0,,TRUE,TRUE,TRUE,FALSE,,,
-122.8327858,39.0428606,0,,-122.8327858,39.0428606,0,,TRUE,TRUE,TRUE,FALSE,,,
-122.8293372,39.04303361,0,,-122.8293372,39.04303361,0,,TRUE,TRUE,TRUE,FALSE,,,
-122.8189911,39.04355202,0,,-122.8189911,39.04355202,0,,TRUE,TRUE,TRUE,FALSE,,,
-122.8155423,39.04372462,0,,-122.8155423,39.04372462,0,,TRUE,TRUE,TRUE,FALSE,,,
-122.8120935,39.04389712,0,,-122.8120935,39.04389712,0,,TRUE,TRUE,TRUE,FALSE,,,
-122.8051958,39.04424182,0,,-122.8051958,39.04424182,0,,TRUE,TRUE,TRUE,FALSE,,,
-122.8017469,39.04441401,0,,-122.8017469,39.04441401,0,,TRUE,TRUE,TRUE,FALSE,,,
-122.798298,39.04458611,0,,-122.798298,39.04458611,0,,TRUE,TRUE,TRUE,FALSE,,,
-122.7948491,39.0447581,0,,-122.7948491,39.0447581,0,,TRUE,TRUE,TRUE,FALSE,,,
-122.7914001,39.04492999,0,,-122.7914001,39.04492999,0,,TRUE,TRUE,TRUE,FALSE,,,
-122.7879511,39.04510178,0,,-122.7879511,39.04510178,0,,TRUE,TRUE,TRUE,FALSE,,,
-122.7845021,39.04527347,0,,-122.7845021,39.04527347,0,,TRUE,TRUE,TRUE,FALSE,,,
-122.8946322,39.0370401,0,,-122.8946322,39.0370401,0,,TRUE,TRUE,TRUE,FALSE,,,
-122.8911842,39.03721491,0,,-122.8911842,39.03721491,0,,TRUE,TRUE,TRUE,FALSE,,,
-122.8877362,39.03738963,0,,-122.8877362,39.03738963,0,,TRUE,TRUE,TRUE,FALSE,,,
-122.8808401,39.03773875,0,,-122.8808401,39.03773875,0,,TRUE,TRUE,TRUE,FALSE,,,
-122.877392,39.03791316,0,,-122.877392,39.03791316,0,,TRUE,TRUE,TRUE,FALSE,,,
-122.8739438,39.03808746,0,,-122.8739438,39.03808746,0,,TRUE,TRUE,TRUE,FALSE,,,
-122.8360124,39.03999815,0,,-122.8360124,39.03999815,0,,TRUE,TRUE,TRUE,FALSE,,,
-122.8256669,39.04051712,0,,-122.8256669,39.04051712,0,,TRUE,TRUE,TRUE,FALSE,,,
-122.8222183,39.04068991,0,,-122.8222183,39.04068991,0,,TRUE,TRUE,TRUE,FALSE,,,
-122.8187697,39.0408626,0,,-122.8187697,39.0408626,0,,TRUE,TRUE,TRUE,FALSE,,,
-122.815321,39.04103518,0,,-122.815321,39.04103518,0,,TRUE,TRUE,TRUE,FALSE,,,
-122.8118724,39.04120766,0,,-122.8118724,39.04120766,0,,TRUE,TRUE,TRUE,FALSE,,,
-122.8084237,39.04138005,0,,-122.8084237,39.04138005,0,,TRUE,TRUE,TRUE,FALSE,,,
-122.804975,39.04155233,0,,-122.804975,39.04155233,0,,TRUE,TRUE,TRUE,FALSE,,,
-122.8015262,39.04172451,0,,-122.8015262,39.04172451,0,,TRUE,TRUE,TRUE,FALSE,,,
-122.7980774,39.04189658,0,,-122.7980774,39.04189658,0,,TRUE,TRUE,TRUE,FALSE,,,
-122.7946286,39.04206856,0,,-122.7946286,39.04206856,0,,TRUE,TRUE,TRUE,FALSE,,,
-122.7911797,39.04224044,0,,-122.7911797,39.04224044,0,,TRUE,TRUE,TRUE,FALSE,,,
-122.7877309,39.04241221,0,,-122.7877309,39.04241221,0,,TRUE,TRUE,TRUE,FALSE,,,
-122.784282,39.04258388,0,,-122.784282,39.04258388,0,,TRUE,TRUE,TRUE,FALSE,,,
-122.780833,39.04275545,0,,-122.780833,39.04275545,0,,TRUE,TRUE,TRUE,FALSE,,,
-122.894408,39.03435104,0,,-122.894408,39.03435104,0,,TRUE,TRUE,TRUE,FALSE,,,
-122.8840643,39.03487513,0,,-122.8840643,39.03487513,0,,TRUE,TRUE,TRUE,FALSE,,,
-122.8806164,39.03504962,0,,-122.8806164,39.03504962,0,,TRUE,TRUE,TRUE,FALSE,,,
-122.8461353,39.03678898,0,,-122.8461353,39.03678898,0,,TRUE,TRUE,TRUE,FALSE,,,
-122.8219968,39.0380005,0,,-122.8219968,39.0380005,0,,TRUE,TRUE,TRUE,FALSE,,,
-122.8185483,39.03817317,0,,-122.8185483,39.03817317,0,,TRUE,TRUE,TRUE,FALSE,,,
-122.8150998,39.03834574,0,,-122.8150998,39.03834574,0,,TRUE,TRUE,TRUE,FALSE,,,
-122.8116513,39.03851821,0,,-122.8116513,39.03851821,0,,TRUE,TRUE,TRUE,FALSE,,,
-122.8082027,39.03869057,0,,-122.8082027,39.03869057,0,,TRUE,TRUE,TRUE,FALSE,,,
-122.8047541,39.03886284,0,,-122.8047541,39.03886284,0,,TRUE,TRUE,TRUE,FALSE,,,
-122.8013055,39.039035,0,,-122.8013055,39.039035,0,,TRUE,TRUE,TRUE,FALSE,,,
-122.7978568,39.03920706,0,,-122.7978568,39.03920706,0,,TRUE,TRUE,TRUE,FALSE,,,
-122.7944081,39.03937902,0,,-122.7944081,39.03937902,0,,TRUE,TRUE,TRUE,FALSE,,,
-122.7909594,39.03955088,0,,-122.7909594,39.03955088,0,,TRUE,TRUE,TRUE,FALSE,,,
-122.7875107,39.03972264,0,,-122.7875107,39.03972264,0,,TRUE,TRUE,TRUE,FALSE,,,
-122.7840619,39.03989429,0,,-122.7840619,39.03989429,0,,TRUE,TRUE,TRUE,FALSE,,,
-122.8872883,39.03201143,0,,-122.8872883,39.03201143,0,,TRUE,TRUE,TRUE,FALSE,,,
-122.8838406,39.03218601,0,,-122.8838406,39.03218601,0,,TRUE,TRUE,TRUE,FALSE,,,
-122.8803927,39.03236049,0,,-122.8803927,39.03236049,0,,TRUE,TRUE,TRUE,FALSE,,,
-122.8769449,39.03253486,0,,-122.8769449,39.03253486,0,,TRUE,TRUE,TRUE,FALSE,,,
-122.873497,39.03270914,0,,-122.873497,39.03270914,0,,TRUE,TRUE,TRUE,FALSE,,,
-122.8631532,39.03323135,0,,-122.8631532,39.03323135,0,,TRUE,TRUE,TRUE,FALSE,,,
-122.8528092,39.03375265,0,,-122.8528092,39.03375265,0,,TRUE,TRUE,TRUE,FALSE,,,
-122.845913,39.03409968,0,,-122.845913,39.03409968,0,,TRUE,TRUE,TRUE,FALSE,,,
-122.818327,39.03548374,0,,-122.818327,39.03548374,0,,TRUE,TRUE,TRUE,FALSE,,,
-122.8148786,39.03565629,0,,-122.8148786,39.03565629,0,,TRUE,TRUE,TRUE,FALSE,,,
-122.8114302,39.03582874,0,,-122.8114302,39.03582874,0,,TRUE,TRUE,TRUE,FALSE,,,
-122.8079818,39.03600109,0,,-122.8079818,39.03600109,0,,TRUE,TRUE,TRUE,FALSE,,,
-122.8045333,39.03617334,0,,-122.8045333,39.03617334,0,,TRUE,TRUE,TRUE,FALSE,,,
-122.8010848,39.03634549,0,,-122.8010848,39.03634549,0,,TRUE,TRUE,TRUE,FALSE,,,
-122.7976363,39.03651753,0,,-122.7976363,39.03651753,0,,TRUE,TRUE,TRUE,FALSE,,,
-122.7941877,39.03668948,0,,-122.7941877,39.03668948,0,,TRUE,TRUE,TRUE,FALSE,,,
-122.7907391,39.03686132,0,,-122.7907391,39.03686132,0,,TRUE,TRUE,TRUE,FALSE,,,
-122.7872905,39.03703306,0,,-122.7872905,39.03703306,0,,TRUE,TRUE,TRUE,FALSE,,,
-122.7838419,39.0372047,0,,-122.7838419,39.0372047,0,,TRUE,TRUE,TRUE,FALSE,,,
-122.7803932,39.03737624,0,,-122.7803932,39.03737624,0,,TRUE,TRUE,TRUE,FALSE,,,
-122.8939597,39.02897291,0,,-122.8939597,39.02897291,0,,TRUE,TRUE,TRUE,FALSE,,,
-122.8905121,39.02914767,0,,-122.8905121,39.02914767,0,,TRUE,TRUE,TRUE,FALSE,,,
-122.8870645,39.02932233,0,,-122.8870645,39.02932233,0,,TRUE,TRUE,TRUE,FALSE,,,
-122.8836168,39.0294969,0,,-122.8836168,39.0294969,0,,TRUE,TRUE,TRUE,FALSE,,,
-122.8732737,39.03001997,0,,-122.8732737,39.03001997,0,,TRUE,TRUE,TRUE,FALSE,,,
-122.8663781,39.03036818,0,,-122.8663781,39.03036818,0,,TRUE,TRUE,TRUE,FALSE,,,
-122.8491386,39.03123693,0,,-122.8491386,39.03123693,0,,TRUE,TRUE,TRUE,FALSE,,,
-122.8456906,39.03141038,0,,-122.8456906,39.03141038,0,,TRUE,TRUE,TRUE,FALSE,,,
-122.8181057,39.03279431,0,,-122.8181057,39.03279431,0,,TRUE,TRUE,TRUE,FALSE,,,
-122.8146575,39.03296685,0,,-122.8146575,39.03296685,0,,TRUE,TRUE,TRUE,FALSE,,,
-122.8112092,39.03313928,0,,-122.8112092,39.03313928,0,,TRUE,TRUE,TRUE,FALSE,,,
-122.8077609,39.03331161,0,,-122.8077609,39.03331161,0,,TRUE,TRUE,TRUE,FALSE,,,
-122.8043125,39.03348384,0,,-122.8043125,39.03348384,0,,TRUE,TRUE,TRUE,FALSE,,,
-122.8008642,39.03365597,0,,-122.8008642,39.03365597,0,,TRUE,TRUE,TRUE,FALSE,,,
-122.7974158,39.033828,0,,-122.7974158,39.033828,0,,TRUE,TRUE,TRUE,FALSE,,,
-122.7939673,39.03399993,0,,-122.7939673,39.03399993,0,,TRUE,TRUE,TRUE,FALSE,,,
-122.7905189,39.03417176,0,,-122.7905189,39.03417176,0,,TRUE,TRUE,TRUE,FALSE,,,
-122.7870704,39.03434348,0,,-122.7870704,39.03434348,0,,TRUE,TRUE,TRUE,FALSE,,,
-122.7836219,39.03451511,0,,-122.7836219,39.03451511,0,,TRUE,TRUE,TRUE,FALSE,,,
-122.7801733,39.03468663,0,,-122.7801733,39.03468663,0,,TRUE,TRUE,TRUE,FALSE,,,
-122.7767248,39.03485805,0,,-122.7767248,39.03485805,0,,TRUE,TRUE,TRUE,FALSE,,,
-122.7732762,39.03502937,0,,-122.7732762,39.03502937,0,,TRUE,TRUE,TRUE,FALSE,,,
-122.7560327,39.03588445,0,,-122.7560327,39.03588445,0,,TRUE,TRUE,TRUE,FALSE,,,
-122.7525839,39.03605516,0,,-122.7525839,39.03605516,0,,TRUE,TRUE,TRUE,FALSE,,,
-122.8937356,39.02628384,0,,-122.8937356,39.02628384,0,,TRUE,TRUE,TRUE,FALSE,,,
-122.8799455,39.02698222,0,,-122.8799455,39.02698222,0,,TRUE,TRUE,TRUE,FALSE,,,
-122.8454683,39.02872108,0,,-122.8454683,39.02872108,0,,TRUE,TRUE,TRUE,FALSE,,,
-122.8282286,39.02958671,0,,-122.8282286,39.02958671,0,,TRUE,TRUE,TRUE,FALSE,,,
-122.8213325,39.02993226,0,,-122.8213325,39.02993226,0,,TRUE,TRUE,TRUE,FALSE,,,
-122.8178844,39.03010488,0,,-122.8178844,39.03010488,0,,TRUE,TRUE,TRUE,FALSE,,,
-122.8144363,39.0302774,0,,-122.8144363,39.0302774,0,,TRUE,TRUE,TRUE,FALSE,,,
-122.8109882,39.03044981,0,,-122.8109882,39.03044981,0,,TRUE,TRUE,TRUE,FALSE,,,
-122.80754,39.03062213,0,,-122.80754,39.03062213,0,,TRUE,TRUE,TRUE,FALSE,,,
-122.8040918,39.03079435,0,,-122.8040918,39.03079435,0,,TRUE,TRUE,TRUE,FALSE,,,
-122.8006435,39.03096646,0,,-122.8006435,39.03096646,0,,TRUE,TRUE,TRUE,FALSE,,,
-122.7971953,39.03113847,0,,-122.7971953,39.03113847,0,,TRUE,TRUE,TRUE,FALSE,,,
-122.793747,39.03131038,0,,-122.793747,39.03131038,0,,TRUE,TRUE,TRUE,FALSE,,,
-122.7902987,39.03148219,0,,-122.7902987,39.03148219,0,,TRUE,TRUE,TRUE,FALSE,,,
-122.7868503,39.0316539,0,,-122.7868503,39.0316539,0,,TRUE,TRUE,TRUE,FALSE,,,
-122.7834019,39.03182551,0,,-122.7834019,39.03182551,0,,TRUE,TRUE,TRUE,FALSE,,,
-122.7799535,39.03199701,0,,-122.7799535,39.03199701,0,,TRUE,TRUE,TRUE,FALSE,,,
-122.776505,39.03216842,0,,-122.776505,39.03216842,0,,TRUE,TRUE,TRUE,FALSE,,,
-122.7730566,39.03233972,0,,-122.7730566,39.03233972,0,,TRUE,TRUE,TRUE,FALSE,,,
-122.7696081,39.03251092,0,,-122.7696081,39.03251092,0,,TRUE,TRUE,TRUE,FALSE,,,
-122.762711,39.03285302,0,,-122.762711,39.03285302,0,,TRUE,TRUE,TRUE,FALSE,,,
-122.7592624,39.03302392,0,,-122.7592624,39.03302392,0,,TRUE,TRUE,TRUE,FALSE,,,
-122.7558138,39.03319472,0,,-122.7558138,39.03319472,0,,TRUE,TRUE,TRUE,FALSE,,,
-122.7523651,39.03336541,0,,-122.7523651,39.03336541,0,,TRUE,TRUE,TRUE,FALSE,,,
-122.7489164,39.03353601,0,,-122.7489164,39.03353601,0,,TRUE,TRUE,TRUE,FALSE,,,
-122.8831694,39.02411866,0,,-122.8831694,39.02411866,0,,TRUE,TRUE,TRUE,FALSE,,,
-122.828007,39.02689733,0,,-122.828007,39.02689733,0,,TRUE,TRUE,TRUE,FALSE,,,
-122.8245591,39.02707013,0,,-122.8245591,39.02707013,0,,TRUE,TRUE,TRUE,FALSE,,,
-122.8211112,39.02724284,0,,-122.8211112,39.02724284,0,,TRUE,TRUE,TRUE,FALSE,,,
-122.8176632,39.02741544,0,,-122.8176632,39.02741544,0,,TRUE,TRUE,TRUE,FALSE,,,
-122.8142152,39.02758795,0,,-122.8142152,39.02758795,0,,TRUE,TRUE,TRUE,FALSE,,,
-122.8107672,39.02776035,0,,-122.8107672,39.02776035,0,,TRUE,TRUE,TRUE,FALSE,,,
-122.8073191,39.02793265,0,,-122.8073191,39.02793265,0,,TRUE,TRUE,TRUE,FALSE,,,
-122.8038711,39.02810484,0,,-122.8038711,39.02810484,0,,TRUE,TRUE,TRUE,FALSE,,,
-122.800423,39.02827694,0,,-122.800423,39.02827694,0,,TRUE,TRUE,TRUE,FALSE,,,
-122.7969748,39.02844894,0,,-122.7969748,39.02844894,0,,TRUE,TRUE,TRUE,FALSE,,,
-122.7935266,39.02862083,0,,-122.7935266,39.02862083,0,,TRUE,TRUE,TRUE,FALSE,,,
-122.7900785,39.02879263,0,,-122.7900785,39.02879263,0,,TRUE,TRUE,TRUE,FALSE,,,
-122.7866302,39.02896432,0,,-122.7866302,39.02896432,0,,TRUE,TRUE,TRUE,FALSE,,,
-122.783182,39.02913591,0,,-122.783182,39.02913591,0,,TRUE,TRUE,TRUE,FALSE,,,
-122.7797337,39.0293074,0,,-122.7797337,39.0293074,0,,TRUE,TRUE,TRUE,FALSE,,,
-122.7762854,39.02947879,0,,-122.7762854,39.02947879,0,,TRUE,TRUE,TRUE,FALSE,,,
-122.7659402,39.02999234,0,,-122.7659402,39.02999234,0,,TRUE,TRUE,TRUE,FALSE,,,
-122.7624918,39.03016333,0,,-122.7624918,39.03016333,0,,TRUE,TRUE,TRUE,FALSE,,,
-122.7590433,39.03033421,0,,-122.7590433,39.03033421,0,,TRUE,TRUE,TRUE,FALSE,,,
-122.7555949,39.03050499,0,,-122.7555949,39.03050499,0,,TRUE,TRUE,TRUE,FALSE,,,
-122.7521463,39.03067567,0,,-122.7521463,39.03067567,0,,TRUE,TRUE,TRUE,FALSE,,,
-122.7486978,39.03084624,0,,-122.7486978,39.03084624,0,,TRUE,TRUE,TRUE,FALSE,,,
-122.8277854,39.02420794,0,,-122.8277854,39.02420794,0,,TRUE,TRUE,TRUE,FALSE,,,
-122.8243376,39.02438073,0,,-122.8243376,39.02438073,0,,TRUE,TRUE,TRUE,FALSE,,,
-122.8208898,39.02455342,0,,-122.8208898,39.02455342,0,,TRUE,TRUE,TRUE,FALSE,,,
-122.817442,39.02472601,0,,-122.817442,39.02472601,0,,TRUE,TRUE,TRUE,FALSE,,,
-122.8139941,39.02489849,0,,-122.8139941,39.02489849,0,,TRUE,TRUE,TRUE,FALSE,,,
-122.8105462,39.02507088,0,,-122.8105462,39.02507088,0,,TRUE,TRUE,TRUE,FALSE,,,
-122.8070983,39.02524316,0,,-122.8070983,39.02524316,0,,TRUE,TRUE,TRUE,FALSE,,,
-122.8036504,39.02541534,0,,-122.8036504,39.02541534,0,,TRUE,TRUE,TRUE,FALSE,,,
-122.8002024,39.02558742,0,,-122.8002024,39.02558742,0,,TRUE,TRUE,TRUE,FALSE,,,
-122.7967544,39.0257594,0,,-122.7967544,39.0257594,0,,TRUE,TRUE,TRUE,FALSE,,,
-122.7933063,39.02593128,0,,-122.7933063,39.02593128,0,,TRUE,TRUE,TRUE,FALSE,,,
-122.7898583,39.02610306,0,,-122.7898583,39.02610306,0,,TRUE,TRUE,TRUE,FALSE,,,
-122.7864102,39.02627473,0,,-122.7864102,39.02627473,0,,TRUE,TRUE,TRUE,FALSE,,,
-122.7829621,39.02644631,0,,-122.7829621,39.02644631,0,,TRUE,TRUE,TRUE,FALSE,,,
-122.7795139,39.02661778,0,,-122.7795139,39.02661778,0,,TRUE,TRUE,TRUE,FALSE,,,
-122.7760657,39.02678915,0,,-122.7760657,39.02678915,0,,TRUE,TRUE,TRUE,FALSE,,,
-122.7622727,39.02747363,0,,-122.7622727,39.02747363,0,,TRUE,TRUE,TRUE,FALSE,,,
-122.7588243,39.02764449,0,,-122.7588243,39.02764449,0,,TRUE,TRUE,TRUE,FALSE,,,
-122.755376,39.02781526,0,,-122.755376,39.02781526,0,,TRUE,TRUE,TRUE,FALSE,,,
-122.7519276,39.02798592,0,,-122.7519276,39.02798592,0,,TRUE,TRUE,TRUE,FALSE,,,
-122.7484792,39.02815648,0,,-122.7484792,39.02815648,0,,TRUE,TRUE,TRUE,FALSE,,,
-122.7450307,39.02832694,0,,-122.7450307,39.02832694,0,,TRUE,TRUE,TRUE,FALSE,,,
-122.8068775,39.02255367,0,,-122.8068775,39.02255367,0,,TRUE,TRUE,TRUE,FALSE,,,
-122.8034297,39.02272584,0,,-122.8034297,39.02272584,0,,TRUE,TRUE,TRUE,FALSE,,,
-122.7999819,39.0228979,0,,-122.7999819,39.0228979,0,,TRUE,TRUE,TRUE,FALSE,,,
-122.796534,39.02306986,0,,-122.796534,39.02306986,0,,TRUE,TRUE,TRUE,FALSE,,,
-122.7930861,39.02324173,0,,-122.7930861,39.02324173,0,,TRUE,TRUE,TRUE,FALSE,,,
-122.7861902,39.02358515,0,,-122.7861902,39.02358515,0,,TRUE,TRUE,TRUE,FALSE,,,
-122.7827422,39.0237567,0,,-122.7827422,39.0237567,0,,TRUE,TRUE,TRUE,FALSE,,,
-122.7792941,39.02392816,0,,-122.7792941,39.02392816,0,,TRUE,TRUE,TRUE,FALSE,,,
-122.7758461,39.02409952,0,,-122.7758461,39.02409952,0,,TRUE,TRUE,TRUE,FALSE,,,
-122.772398,39.02427077,0,,-122.772398,39.02427077,0,,TRUE,TRUE,TRUE,FALSE,,,
-122.7689499,39.02444192,0,,-122.7689499,39.02444192,0,,TRUE,TRUE,TRUE,FALSE,,,
-122.7620536,39.02478392,0,,-122.7620536,39.02478392,0,,TRUE,TRUE,TRUE,FALSE,,,
-122.7586054,39.02495477,0,,-122.7586054,39.02495477,0,,TRUE,TRUE,TRUE,FALSE,,,
-122.7551571,39.02512552,0,,-122.7551571,39.02512552,0,,TRUE,TRUE,TRUE,FALSE,,,
-122.7517089,39.02529617,0,,-122.7517089,39.02529617,0,,TRUE,TRUE,TRUE,FALSE,,,
-122.7448123,39.02563716,0,,-122.7448123,39.02563716,0,,TRUE,TRUE,TRUE,FALSE,,,
-122.7413639,39.0258075,0,,-122.7413639,39.0258075,0,,TRUE,TRUE,TRUE,FALSE,,,
-122.8066568,39.01986418,0,,-122.8066568,39.01986418,0,,TRUE,TRUE,TRUE,FALSE,,,
-122.8032091,39.02003633,0,,-122.8032091,39.02003633,0,,TRUE,TRUE,TRUE,FALSE,,,
-122.7997614,39.02020838,0,,-122.7997614,39.02020838,0,,TRUE,TRUE,TRUE,FALSE,,,
-122.7963136,39.02038032,0,,-122.7963136,39.02038032,0,,TRUE,TRUE,TRUE,FALSE,,,
-122.7928658,39.02055217,0,,-122.7928658,39.02055217,0,,TRUE,TRUE,TRUE,FALSE,,,
-122.789418,39.02072391,0,,-122.789418,39.02072391,0,,TRUE,TRUE,TRUE,FALSE,,,
-122.7859702,39.02089556,0,,-122.7859702,39.02089556,0,,TRUE,TRUE,TRUE,FALSE,,,
-122.7825223,39.0210671,0,,-122.7825223,39.0210671,0,,TRUE,TRUE,TRUE,FALSE,,,
-122.7790744,39.02123854,0,,-122.7790744,39.02123854,0,,TRUE,TRUE,TRUE,FALSE,,,
-122.7756265,39.02140988,0,,-122.7756265,39.02140988,0,,TRUE,TRUE,TRUE,FALSE,,,
-122.7721785,39.02158111,0,,-122.7721785,39.02158111,0,,TRUE,TRUE,TRUE,FALSE,,,
-122.7687305,39.02175225,0,,-122.7687305,39.02175225,0,,TRUE,TRUE,TRUE,FALSE,,,
-122.7652825,39.02192329,0,,-122.7652825,39.02192329,0,,TRUE,TRUE,TRUE,FALSE,,,
-122.7445938,39.02294737,0,,-122.7445938,39.02294737,0,,TRUE,TRUE,TRUE,FALSE,,,
-122.7411456,39.0231177,0,,-122.7411456,39.0231177,0,,TRUE,TRUE,TRUE,FALSE,,,
-122.7960933,39.01769078,0,,-122.7960933,39.01769078,0,,TRUE,TRUE,TRUE,FALSE,,,
-122.7891979,39.01803434,0,,-122.7891979,39.01803434,0,,TRUE,TRUE,TRUE,FALSE,,,
-122.7857502,39.01820596,0,,-122.7857502,39.01820596,0,,TRUE,TRUE,TRUE,FALSE,,,
-122.7823025,39.01837749,0,,-122.7823025,39.01837749,0,,TRUE,TRUE,TRUE,FALSE,,,
-122.7788547,39.01854891,0,,-122.7788547,39.01854891,0,,TRUE,TRUE,TRUE,FALSE,,,
-122.7754069,39.01872024,0,,-122.7754069,39.01872024,0,,TRUE,TRUE,TRUE,FALSE,,,
-122.7719591,39.01889146,0,,-122.7719591,39.01889146,0,,TRUE,TRUE,TRUE,FALSE,,,
-122.7685112,39.01906258,0,,-122.7685112,39.01906258,0,,TRUE,TRUE,TRUE,FALSE,,,
-122.7650634,39.0192336,0,,-122.7650634,39.0192336,0,,TRUE,TRUE,TRUE,FALSE,,,
-122.7409273,39.02042789,0,,-122.7409273,39.02042789,0,,TRUE,TRUE,TRUE,FALSE,,,
-122.7374792,39.0205981,0,,-122.7374792,39.0205981,0,,TRUE,TRUE,TRUE,FALSE,,,
-122.7993205,39.01482932,0,,-122.7993205,39.01482932,0,,TRUE,TRUE,TRUE,FALSE,,,
-122.795873,39.01500123,0,,-122.795873,39.01500123,0,,TRUE,TRUE,TRUE,FALSE,,,
-122.7924254,39.01517305,0,,-122.7924254,39.01517305,0,,TRUE,TRUE,TRUE,FALSE,,,
-122.7889779,39.01534476,0,,-122.7889779,39.01534476,0,,TRUE,TRUE,TRUE,FALSE,,,
-122.7855303,39.01551637,0,,-122.7855303,39.01551637,0,,TRUE,TRUE,TRUE,FALSE,,,
-122.7820827,39.01568788,0,,-122.7820827,39.01568788,0,,TRUE,TRUE,TRUE,FALSE,,,
-122.7786351,39.01585929,0,,-122.7786351,39.01585929,0,,TRUE,TRUE,TRUE,FALSE,,,
-122.7751874,39.01603059,0,,-122.7751874,39.01603059,0,,TRUE,TRUE,TRUE,FALSE,,,
-122.7717397,39.0162018,0,,-122.7717397,39.0162018,0,,TRUE,TRUE,TRUE,FALSE,,,
-122.768292,39.0163729,0,,-122.768292,39.0163729,0,,TRUE,TRUE,TRUE,FALSE,,,
-122.7648442,39.0165439,0,,-122.7648442,39.0165439,0,,TRUE,TRUE,TRUE,FALSE,,,
-122.7613964,39.0167148,0,,-122.7613964,39.0167148,0,,TRUE,TRUE,TRUE,FALSE,,,
-122.7407091,39.01773809,0,,-122.7407091,39.01773809,0,,TRUE,TRUE,TRUE,FALSE,,,
-122.7372611,39.01790828,0,,-122.7372611,39.01790828,0,,TRUE,TRUE,TRUE,FALSE,,,
-122.7338131,39.01807837,0,,-122.7338131,39.01807837,0,,TRUE,TRUE,TRUE,FALSE,,,
-122.8025474,39.01196779,0,,-122.8025474,39.01196779,0,,TRUE,TRUE,TRUE,FALSE,,,
-122.7956527,39.01231169,0,,-122.7956527,39.01231169,0,,TRUE,TRUE,TRUE,FALSE,,,
-122.7922053,39.01248348,0,,-122.7922053,39.01248348,0,,TRUE,TRUE,TRUE,FALSE,,,
-122.7887579,39.01265518,0,,-122.7887579,39.01265518,0,,TRUE,TRUE,TRUE,FALSE,,,
-122.7853104,39.01282677,0,,-122.7853104,39.01282677,0,,TRUE,TRUE,TRUE,FALSE,,,
-122.7818629,39.01299826,0,,-122.7818629,39.01299826,0,,TRUE,TRUE,TRUE,FALSE,,,
-122.7784154,39.01316966,0,,-122.7784154,39.01316966,0,,TRUE,TRUE,TRUE,FALSE,,,
-122.7749679,39.01334095,0,,-122.7749679,39.01334095,0,,TRUE,TRUE,TRUE,FALSE,,,
-122.7715203,39.01351213,0,,-122.7715203,39.01351213,0,,TRUE,TRUE,TRUE,FALSE,,,
-122.7680727,39.01368322,0,,-122.7680727,39.01368322,0,,TRUE,TRUE,TRUE,FALSE,,,
-122.7646251,39.01385421,0,,-122.7646251,39.01385421,0,,TRUE,TRUE,TRUE,FALSE,,,
-122.7611774,39.01402509,0,,-122.7611774,39.01402509,0,,TRUE,TRUE,TRUE,FALSE,,,
-122.737043,39.01521845,0,,-122.737043,39.01521845,0,,TRUE,TRUE,TRUE,FALSE,,,
-122.7335951,39.01538853,0,,-122.7335951,39.01538853,0,,TRUE,TRUE,TRUE,FALSE,,,
-122.7301472,39.0155585,0,,-122.7301472,39.0155585,0,,TRUE,TRUE,TRUE,FALSE,,,
-122.7954324,39.00962214,0,,-122.7954324,39.00962214,0,,TRUE,TRUE,TRUE,FALSE,,,
-122.7885379,39.0099656,0,,-122.7885379,39.0099656,0,,TRUE,TRUE,TRUE,FALSE,,,
-122.7850905,39.01013717,0,,-122.7850905,39.01013717,0,,TRUE,TRUE,TRUE,FALSE,,,
-122.7816432,39.01030865,0,,-122.7816432,39.01030865,0,,TRUE,TRUE,TRUE,FALSE,,,
-122.7678535,39.01099354,0,,-122.7678535,39.01099354,0,,TRUE,TRUE,TRUE,FALSE,,,
-122.7471681,39.01201784,0,,-122.7471681,39.01201784,0,,TRUE,TRUE,TRUE,FALSE,,,
-122.7437204,39.01218821,0,,-122.7437204,39.01218821,0,,TRUE,TRUE,TRUE,FALSE,,,
-122.7402727,39.01235847,0,,-122.7402727,39.01235847,0,,TRUE,TRUE,TRUE,FALSE,,,
-122.736825,39.01252863,0,,-122.736825,39.01252863,0,,TRUE,TRUE,TRUE,FALSE,,,
-122.7333772,39.01269869,0,,-122.7333772,39.01269869,0,,TRUE,TRUE,TRUE,FALSE,,,
-122.7299294,39.01286864,0,,-122.7299294,39.01286864,0,,TRUE,TRUE,TRUE,FALSE,,,
-122.7952122,39.00693258,0,,-122.7952122,39.00693258,0,,TRUE,TRUE,TRUE,FALSE,,,
-122.7917651,39.00710435,0,,-122.7917651,39.00710435,0,,TRUE,TRUE,TRUE,FALSE,,,
-122.7676343,39.00830386,0,,-122.7676343,39.00830386,0,,TRUE,TRUE,TRUE,FALSE,,,
-122.7641869,39.00847481,0,,-122.7641869,39.00847481,0,,TRUE,TRUE,TRUE,FALSE,,,
-122.7469497,39.00932806,0,,-122.7469497,39.00932806,0,,TRUE,TRUE,TRUE,FALSE,,,
-122.7366069,39.0098388,0,,-122.7366069,39.0098388,0,,TRUE,TRUE,TRUE,FALSE,,,
-122.7331593,39.01000884,0,,-122.7331593,39.01000884,0,,TRUE,TRUE,TRUE,FALSE,,,
-122.671097,39.01305228,169,,-122.671097,39.01305228,169,,TRUE,TRUE,TRUE,FALSE,,,
-122.794992,39.00424303,0,,-122.794992,39.00424303,0,,TRUE,TRUE,TRUE,FALSE,,,
-122.7639679,39.00578511,0,,-122.7639679,39.00578511,0,,TRUE,TRUE,TRUE,FALSE,,,
-122.7432839,39.00680861,0,,-122.7432839,39.00680861,0,,TRUE,TRUE,TRUE,FALSE,,,
-122.7398364,39.00697884,97,,-122.7398364,39.00697884,97,,TRUE,TRUE,TRUE,FALSE,,,
-122.7260463,39.00765874,0,,-122.7260463,39.00765874,0,,TRUE,TRUE,TRUE,FALSE,,,
-122.7157035,39.0081676,122,,-122.7157035,39.0081676,122,,TRUE,TRUE,TRUE,FALSE,,,
-122.6984648,39.00901368,0,,-122.6984648,39.00901368,0,,TRUE,TRUE,TRUE,FALSE,,,
-122.7154863,39.00547767,0,,-122.7154863,39.00547767,0,,TRUE,TRUE,TRUE,FALSE,,,
-122.7120387,39.00564708,0,,-122.7120387,39.00564708,0,,TRUE,TRUE,TRUE,FALSE,,,
-122.7051436,39.00598558,113,,-122.7051436,39.00598558,113,,TRUE,TRUE,TRUE,FALSE,,,
-122.7016959,39.00615468,0,,-122.7016959,39.00615468,0,,TRUE,TRUE,TRUE,FALSE,,,
-122.6982483,39.00632367,0,,-122.6982483,39.00632367,0,,TRUE,TRUE,TRUE,FALSE,,,
-122.6948006,39.00649257,0,,-122.6948006,39.00649257,0,,TRUE,TRUE,TRUE,FALSE,,,
-122.735953,39.0017693,102,,-122.735953,39.0017693,102,,TRUE,TRUE,TRUE,FALSE,,,
-122.7083743,39.00312641,0,,-122.7083743,39.00312641,0,,TRUE,TRUE,TRUE,FALSE,,,
-122.7049268,39.00329559,0,,-122.7049268,39.00329559,0,,TRUE,TRUE,TRUE,FALSE,,,
-122.7426293,38.9987392,0,,-122.7426293,38.9987392,0,,TRUE,TRUE,TRUE,FALSE,,,
-122.7357351,38.99907946,100,,-122.7357351,38.99907946,100,,TRUE,TRUE,TRUE,FALSE,,,
-122.732288,38.99924943,106,,-122.732288,38.99924943,106,,TRUE,TRUE,TRUE,FALSE,,,
-122.7219465,38.99975876,130,,-122.7219465,38.99975876,130,,TRUE,TRUE,TRUE,FALSE,,,
-122.7355172,38.99638962,83,,-122.7355172,38.99638962,83,,TRUE,TRUE,TRUE,FALSE,,,
-122.7286232,38.99672944,109,,-122.7286232,38.99672944,109,,TRUE,TRUE,TRUE,FALSE,,,
-122.7251762,38.9968992,116,,-122.7251762,38.9968992,116,,TRUE,TRUE,TRUE,FALSE,,,
-122.7217291,38.99706885,124,,-122.7217291,38.99706885,124,,TRUE,TRUE,TRUE,FALSE,,,
-122.718282,38.99723841,123,,-122.718282,38.99723841,123,,TRUE,TRUE,TRUE,FALSE,,,
-122.742193,38.99335958,114,,-122.742193,38.99335958,114,,TRUE,TRUE,TRUE,FALSE,,,
-122.7387462,38.99352973,107,,-122.7387462,38.99352973,107,,TRUE,TRUE,TRUE,FALSE,,,
-122.7352994,38.99369977,122,,-122.7352994,38.99369977,122,,TRUE,TRUE,TRUE,FALSE,,,
-122.7284056,38.99403956,106,,-122.7284056,38.99403956,106,,TRUE,TRUE,TRUE,FALSE,,,
-122.7249587,38.99420931,110,,-122.7249587,38.99420931,110,,TRUE,TRUE,TRUE,FALSE,,,
-122.7215118,38.99437895,124,,-122.7215118,38.99437895,124,,TRUE,TRUE,TRUE,FALSE,,,
-122.7180648,38.99454849,116,,-122.7180648,38.99454849,116,,TRUE,TRUE,TRUE,FALSE,,,
-122.7146178,38.99471793,124,,-122.7146178,38.99471793,124,,TRUE,TRUE,TRUE,FALSE,,,
-122.7385283,38.9908399,133,,-122.7385283,38.9908399,133,,TRUE,TRUE,TRUE,FALSE,,,
-122.7350816,38.99100993,141,,-122.7350816,38.99100993,141,,TRUE,TRUE,TRUE,FALSE,,,
-122.7316348,38.99117986,123,,-122.7316348,38.99117986,123,,TRUE,TRUE,TRUE,FALSE,,,
-122.7281881,38.99134968,117,,-122.7281881,38.99134968,117,,TRUE,TRUE,TRUE,FALSE,,,
-122.7212945,38.99168904,126,,-122.7212945,38.99168904,126,,TRUE,TRUE,TRUE,FALSE,,,
-122.7178476,38.99185856,121,,-122.7178476,38.99185856,121,,TRUE,TRUE,TRUE,FALSE,,,
-122.7144008,38.99202798,114,,-122.7144008,38.99202798,114,,TRUE,TRUE,TRUE,FALSE,,,
-122.7109539,38.99219731,127,,-122.7109539,38.99219731,127,,TRUE,TRUE,TRUE,FALSE,,,
-122.7383103,38.98815007,143,,-122.7383103,38.98815007,143,,TRUE,TRUE,TRUE,FALSE,,,
-122.7348638,38.98832008,129,,-122.7348638,38.98832008,129,,TRUE,TRUE,TRUE,FALSE,,,
-122.7279705,38.9886598,118,,-122.7279705,38.9886598,118,,TRUE,TRUE,TRUE,FALSE,,,
-122.7245239,38.98882952,126,,-122.7245239,38.98882952,126,,TRUE,TRUE,TRUE,FALSE,,,
-122.7210772,38.98899912,126,,-122.7210772,38.98899912,126,,TRUE,TRUE,TRUE,FALSE,,,
-122.7176305,38.98916863,118,,-122.7176305,38.98916863,118,,TRUE,TRUE,TRUE,FALSE,,,
-122.7141837,38.98933804,113,,-122.7141837,38.98933804,113,,TRUE,TRUE,TRUE,FALSE,,,
-122.710737,38.98950734,115,,-122.710737,38.98950734,115,,TRUE,TRUE,TRUE,FALSE,,,
-122.7380924,38.98546023,145,,-122.7380924,38.98546023,145,,TRUE,TRUE,TRUE,FALSE,,,
-122.734646,38.98563023,125,,-122.734646,38.98563023,125,,TRUE,TRUE,TRUE,FALSE,,,
-122.7243065,38.98613962,105,,-122.7243065,38.98613962,105,,TRUE,TRUE,TRUE,FALSE,,,
-122.7208599,38.98630921,117,,-122.7208599,38.98630921,117,,TRUE,TRUE,TRUE,FALSE,,,
-122.7139667,38.98664809,126,,-122.7139667,38.98664809,126,,TRUE,TRUE,TRUE,FALSE,,,
-122.7105201,38.98681738,99,,-122.7105201,38.98681738,99,,TRUE,TRUE,TRUE,FALSE,,,
-122.7070734,38.98698657,124,,-122.7070734,38.98698657,124,,TRUE,TRUE,TRUE,FALSE,,,
-122.7036267,38.98715566,134,,-122.7036267,38.98715566,134,,TRUE,TRUE,TRUE,FALSE,,,
-122.70018,38.98732464,136,,-122.70018,38.98732464,136,,TRUE,TRUE,TRUE,FALSE,,,
-122.6967332,38.98749353,148,,-122.6967332,38.98749353,148,,TRUE,TRUE,TRUE,FALSE,,,
-122.7206427,38.98361929,117,,-122.7206427,38.98361929,117,,TRUE,TRUE,TRUE,FALSE,,,
-122.7171963,38.98378877,101,,-122.7171963,38.98378877,101,,TRUE,TRUE,TRUE,FALSE,,,
-122.7137498,38.98395814,115,,-122.7137498,38.98395814,115,,TRUE,TRUE,TRUE,FALSE,,,
-122.7103033,38.98412742,93,,-122.7103033,38.98412742,93,,TRUE,TRUE,TRUE,FALSE,,,
-122.7068567,38.98429659,116,,-122.7068567,38.98429659,116,,TRUE,TRUE,TRUE,FALSE,,,
-122.7034102,38.98446566,127,,-122.7034102,38.98446566,127,,TRUE,TRUE,TRUE,FALSE,,,
-122.6999636,38.98463463,134,,-122.6999636,38.98463463,134,,TRUE,TRUE,TRUE,FALSE,,,
-122.6965169,38.9848035,141,,-122.6965169,38.9848035,141,,TRUE,TRUE,TRUE,FALSE,,,
-122.7342106,38.98025052,143,,-122.7342106,38.98025052,143,,TRUE,TRUE,TRUE,FALSE,,,
-122.7307643,38.98042039,129,,-122.7307643,38.98042039,129,,TRUE,TRUE,TRUE,FALSE,,,
-122.7273181,38.98059015,132,,-122.7273181,38.98059015,132,,TRUE,TRUE,TRUE,FALSE,,,
-122.7238718,38.98075981,118,,-122.7238718,38.98075981,118,,TRUE,TRUE,TRUE,FALSE,,,
-122.7204255,38.98092937,127,,-122.7204255,38.98092937,127,,TRUE,TRUE,TRUE,FALSE,,,
-122.7169792,38.98109883,94,,-122.7169792,38.98109883,94,,TRUE,TRUE,TRUE,FALSE,,,
-122.7066401,38.9816066,110,,-122.7066401,38.9816066,110,,TRUE,TRUE,TRUE,FALSE,,,
-122.7031936,38.98177566,129,,-122.7031936,38.98177566,129,,TRUE,TRUE,TRUE,FALSE,,,
-122.7271007,38.97790026,133,,-122.7271007,38.97790026,133,,TRUE,TRUE,TRUE,FALSE,,,
-122.7236545,38.97806991,131,,-122.7236545,38.97806991,131,,TRUE,TRUE,TRUE,FALSE,,,
-122.7202084,38.97823945,108,,-122.7202084,38.97823945,108,,TRUE,TRUE,TRUE,FALSE,,,
-122.7167622,38.9784089,106,,-122.7167622,38.9784089,106,,TRUE,TRUE,TRUE,FALSE,,,
-122.713316,38.97857824,113,,-122.713316,38.97857824,113,,TRUE,TRUE,TRUE,FALSE,,,
-122.7098697,38.97874748,115,,-122.7098697,38.97874748,115,,TRUE,TRUE,TRUE,FALSE,,,
-122.7064234,38.97891662,110,,-122.7064234,38.97891662,110,,TRUE,TRUE,TRUE,FALSE,,,
-122.7029771,38.97908566,123,,-122.7029771,38.97908566,123,,TRUE,TRUE,TRUE,FALSE,,,
-122.6995308,38.97925459,144,,-122.6995308,38.97925459,144,,TRUE,TRUE,TRUE,FALSE,,,
-122.7303293,38.97504064,151,,-122.7303293,38.97504064,151,,TRUE,TRUE,TRUE,FALSE,,,
-122.7268833,38.97521037,137,,-122.7268833,38.97521037,137,,TRUE,TRUE,TRUE,FALSE,,,
-122.7234373,38.97538,136,,-122.7234373,38.97538,136,,TRUE,TRUE,TRUE,FALSE,,,
-122.7199912,38.97554953,116,,-122.7199912,38.97554953,116,,TRUE,TRUE,TRUE,FALSE,,,
-122.7165452,38.97571896,101,,-122.7165452,38.97571896,101,,TRUE,TRUE,TRUE,FALSE,,,
-122.7130991,38.97588828,105,,-122.7130991,38.97588828,105,,TRUE,TRUE,TRUE,FALSE,,,
-122.709653,38.97605751,117,,-122.709653,38.97605751,117,,TRUE,TRUE,TRUE,FALSE,,,
-122.7062068,38.97622663,115,,-122.7062068,38.97622663,115,,TRUE,TRUE,TRUE,FALSE,,,
-122.6993144,38.97656457,142,,-122.6993144,38.97656457,142,,TRUE,TRUE,TRUE,FALSE,,,
-122.7404492,38.97184101,168,,-122.7404492,38.97184101,168,,TRUE,TRUE,TRUE,FALSE,,,
-122.7370034,38.97201103,165,,-122.7370034,38.97201103,165,,TRUE,TRUE,TRUE,FALSE,,,
-122.7335576,38.97218095,165,,-122.7335576,38.97218095,165,,TRUE,TRUE,TRUE,FALSE,,,
-122.7232201,38.97269009,129,,-122.7232201,38.97269009,129,,TRUE,TRUE,TRUE,FALSE,,,
-122.7197741,38.9728596,122,,-122.7197741,38.9728596,122,,TRUE,TRUE,TRUE,FALSE,,,
-122.7163282,38.97302901,116,,-122.7163282,38.97302901,116,,TRUE,TRUE,TRUE,FALSE,,,
-122.7128822,38.97319832,115,,-122.7128822,38.97319832,115,,TRUE,TRUE,TRUE,FALSE,,,
-122.7094362,38.97336753,121,,-122.7094362,38.97336753,121,,TRUE,TRUE,TRUE,FALSE,,,
-122.7025442,38.97370565,128,,-122.7025442,38.97370565,128,,TRUE,TRUE,TRUE,FALSE,,,
-122.6922058,38.97421206,139,,-122.6922058,38.97421206,139,,TRUE,TRUE,TRUE,FALSE,,,
-122.6853134,38.97454916,141,,-122.6853134,38.97454916,141,,TRUE,TRUE,TRUE,FALSE,,,
-122.7367857,38.96932118,176,,-122.7367857,38.96932118,176,,TRUE,TRUE,TRUE,FALSE,,,
-122.73334,38.96949108,157,,-122.73334,38.96949108,157,,TRUE,TRUE,TRUE,FALSE,,,
-122.7298943,38.96966088,142,,-122.7298943,38.96966088,142,,TRUE,TRUE,TRUE,FALSE,,,
-122.7264486,38.96983058,141,,-122.7264486,38.96983058,141,,TRUE,TRUE,TRUE,FALSE,,,
-122.7230029,38.97000018,120,,-122.7230029,38.97000018,120,,TRUE,TRUE,TRUE,FALSE,,,
-122.7195571,38.97016968,130,,-122.7195571,38.97016968,130,,TRUE,TRUE,TRUE,FALSE,,,
-122.7161113,38.97033907,139,,-122.7161113,38.97033907,139,,TRUE,TRUE,TRUE,FALSE,,,
-122.7126654,38.97050836,152,,-122.7126654,38.97050836,152,,TRUE,TRUE,TRUE,FALSE,,,
-122.7092196,38.97067756,123,,-122.7092196,38.97067756,123,,TRUE,TRUE,TRUE,FALSE,,,
-122.7057737,38.97084665,138,,-122.7057737,38.97084665,138,,TRUE,TRUE,TRUE,FALSE,,,
-122.7023277,38.97101564,136,,-122.7023277,38.97101564,136,,TRUE,TRUE,TRUE,FALSE,,,
-122.6988818,38.97118453,129,,-122.6988818,38.97118453,129,,TRUE,TRUE,TRUE,FALSE,,,
-122.6954358,38.97135331,140,,-122.6954358,38.97135331,140,,TRUE,TRUE,TRUE,FALSE,,,
-122.6919898,38.971522,130,,-122.6919898,38.971522,130,,TRUE,TRUE,TRUE,FALSE,,,
-122.6885437,38.97169059,139,,-122.6885437,38.97169059,139,,TRUE,TRUE,TRUE,FALSE,,,
-122.736568,38.96663133,189,,-122.736568,38.96663133,189,,TRUE,TRUE,TRUE,FALSE,,,
-122.7331225,38.96680122,172,,-122.7331225,38.96680122,172,,TRUE,TRUE,TRUE,FALSE,,,
-122.7296769,38.966971,162,,-122.7296769,38.966971,162,,TRUE,TRUE,TRUE,FALSE,,,
-122.7262313,38.96714068,152,,-122.7262313,38.96714068,152,,TRUE,TRUE,TRUE,FALSE,,,
-122.7227857,38.96731026,135,,-122.7227857,38.96731026,135,,TRUE,TRUE,TRUE,FALSE,,,
-122.71934,38.96747974,137,,-122.71934,38.96747974,137,,TRUE,TRUE,TRUE,FALSE,,,
-122.7158943,38.96764912,155,,-122.7158943,38.96764912,155,,TRUE,TRUE,TRUE,FALSE,,,
-122.7124486,38.9678184,152,,-122.7124486,38.9678184,152,,TRUE,TRUE,TRUE,FALSE,,,
-122.7090029,38.96798758,146,,-122.7090029,38.96798758,146,,TRUE,TRUE,TRUE,FALSE,,,
-122.7055571,38.96815665,140,,-122.7055571,38.96815665,140,,TRUE,TRUE,TRUE,FALSE,,,
-122.7021113,38.96832563,143,,-122.7021113,38.96832563,143,,TRUE,TRUE,TRUE,FALSE,,,
-122.6986655,38.9684945,129,,-122.6986655,38.9684945,129,,TRUE,TRUE,TRUE,FALSE,,,
-122.6952196,38.96866327,135,,-122.6952196,38.96866327,135,,TRUE,TRUE,TRUE,FALSE,,,
-122.6917738,38.96883194,128,,-122.6917738,38.96883194,128,,TRUE,TRUE,TRUE,FALSE,,,
-122.6883278,38.96900051,136,,-122.6883278,38.96900051,136,,TRUE,TRUE,TRUE,FALSE,,,
-122.6848819,38.96916898,141,,-122.6848819,38.96916898,141,,TRUE,TRUE,TRUE,FALSE,,,
-122.6814359,38.96933735,138,,-122.6814359,38.96933735,138,,TRUE,TRUE,TRUE,FALSE,,,
-122.6779899,38.96950561,139,,-122.6779899,38.96950561,139,,TRUE,TRUE,TRUE,FALSE,,,
-122.7329049,38.96411135,171,,-122.7329049,38.96411135,171,,TRUE,TRUE,TRUE,FALSE,,,
-122.7294595,38.96428112,171,,-122.7294595,38.96428112,171,,TRUE,TRUE,TRUE,FALSE,,,
-122.726014,38.96445078,168,,-122.726014,38.96445078,168,,TRUE,TRUE,TRUE,FALSE,,,
-122.7225685,38.96462035,150,,-122.7225685,38.96462035,150,,TRUE,TRUE,TRUE,FALSE,,,
-122.719123,38.96478981,152,,-122.719123,38.96478981,152,,TRUE,TRUE,TRUE,FALSE,,,
-122.7122319,38.96512844,173,,-122.7122319,38.96512844,173,,TRUE,TRUE,TRUE,FALSE,,,
-122.7087863,38.9652976,169,,-122.7087863,38.9652976,169,,TRUE,TRUE,TRUE,FALSE,,,
-122.7053406,38.96546666,158,,-122.7053406,38.96546666,158,,TRUE,TRUE,TRUE,FALSE,,,
-122.701895,38.96563561,153,,-122.701895,38.96563561,153,,TRUE,TRUE,TRUE,FALSE,,,
-122.6984493,38.96580447,133,,-122.6984493,38.96580447,133,,TRUE,TRUE,TRUE,FALSE,,,
-122.6950035,38.96597323,144,,-122.6950035,38.96597323,144,,TRUE,TRUE,TRUE,FALSE,,,
-122.6846662,38.96647889,143,,-122.6846662,38.96647889,143,,TRUE,TRUE,TRUE,FALSE,,,
-122.6812203,38.96664724,145,,-122.6812203,38.96664724,145,,TRUE,TRUE,TRUE,FALSE,,,
-122.6777745,38.96681549,143,,-122.6777745,38.96681549,143,,TRUE,TRUE,TRUE,FALSE,,,
-122.6743286,38.96698364,152,,-122.6743286,38.96698364,152,,TRUE,TRUE,TRUE,FALSE,,,
-122.7361327,38.96125163,183,,-122.7361327,38.96125163,183,,TRUE,TRUE,TRUE,FALSE,,,
-122.7326874,38.96142148,174,,-122.7326874,38.96142148,174,,TRUE,TRUE,TRUE,FALSE,,,
-122.7223514,38.96193043,164,,-122.7223514,38.96193043,164,,TRUE,TRUE,TRUE,FALSE,,,
-122.7016786,38.9629456,157,,-122.7016786,38.9629456,157,,TRUE,TRUE,TRUE,FALSE,,,
-122.698233,38.96311444,149,,-122.698233,38.96311444,149,,TRUE,TRUE,TRUE,FALSE,,,
-122.6947874,38.96328318,158,,-122.6947874,38.96328318,158,,TRUE,TRUE,TRUE,FALSE,,,
-122.6913418,38.96345182,144,,-122.6913418,38.96345182,144,,TRUE,TRUE,TRUE,FALSE,,,
-122.6878962,38.96362035,131,,-122.6878962,38.96362035,131,,TRUE,TRUE,TRUE,FALSE,,,
-122.6844505,38.96378879,143,,-122.6844505,38.96378879,143,,TRUE,TRUE,TRUE,FALSE,,,
-122.6810048,38.96395713,130,,-122.6810048,38.96395713,130,,TRUE,TRUE,TRUE,FALSE,,,
-122.677559,38.96412536,128,,-122.677559,38.96412536,128,,TRUE,TRUE,TRUE,FALSE,,,
-122.6741133,38.96429349,152,,-122.6741133,38.96429349,152,,TRUE,TRUE,TRUE,FALSE,,,
-122.6706675,38.96446152,151,,-122.6706675,38.96446152,151,,TRUE,TRUE,TRUE,FALSE,,,
-122.6672216,38.96462945,148,,-122.6672216,38.96462945,148,,TRUE,TRUE,TRUE,FALSE,,,
-122.6637758,38.96479728,143,,-122.6637758,38.96479728,143,,TRUE,TRUE,TRUE,FALSE,,,
-122.7221343,38.95924051,177,,-122.7221343,38.95924051,177,,TRUE,TRUE,TRUE,FALSE,,,
-122.7014623,38.96025558,158,,-122.7014623,38.96025558,158,,TRUE,TRUE,TRUE,FALSE,,,
-122.6980169,38.9604244,158,,-122.6980169,38.9604244,158,,TRUE,TRUE,TRUE,FALSE,,,
-122.6945714,38.96059313,148,,-122.6945714,38.96059313,148,,TRUE,TRUE,TRUE,FALSE,,,
-122.6911259,38.96076175,138,,-122.6911259,38.96076175,138,,TRUE,TRUE,TRUE,FALSE,,,
-122.6876804,38.96093027,126,,-122.6876804,38.96093027,126,,TRUE,TRUE,TRUE,FALSE,,,
-122.6807892,38.96126701,126,,-122.6807892,38.96126701,126,,TRUE,TRUE,TRUE,FALSE,,,
-122.6773436,38.96143523,122,,-122.6773436,38.96143523,122,,TRUE,TRUE,TRUE,FALSE,,,
-122.673898,38.96160335,131,,-122.673898,38.96160335,131,,TRUE,TRUE,TRUE,FALSE,,,
-122.6704523,38.96177136,126,,-122.6704523,38.96177136,126,,TRUE,TRUE,TRUE,FALSE,,,
-122.6670066,38.96193928,130,,-122.6670066,38.96193928,130,,TRUE,TRUE,TRUE,FALSE,,,
-122.6635609,38.96210709,139,,-122.6635609,38.96210709,139,,TRUE,TRUE,TRUE,FALSE,,,
-122.6566693,38.96244241,145,,-122.6566693,38.96244241,145,,TRUE,TRUE,TRUE,FALSE,,,
-122.6978007,38.95773437,161,,-122.6978007,38.95773437,161,,TRUE,TRUE,TRUE,FALSE,,,
-122.6943554,38.95790308,144,,-122.6943554,38.95790308,144,,TRUE,TRUE,TRUE,FALSE,,,
-122.69091,38.95807168,145,,-122.69091,38.95807168,145,,TRUE,TRUE,TRUE,FALSE,,,
-122.6874646,38.95824019,126,,-122.6874646,38.95824019,126,,TRUE,TRUE,TRUE,FALSE,,,
-122.6840192,38.95840859,119,,-122.6840192,38.95840859,119,,TRUE,TRUE,TRUE,FALSE,,,
-122.6805737,38.95857689,125,,-122.6805737,38.95857689,125,,TRUE,TRUE,TRUE,FALSE,,,
-122.6771282,38.9587451,125,,-122.6771282,38.9587451,125,,TRUE,TRUE,TRUE,FALSE,,,
-122.6736827,38.9589132,131,,-122.6736827,38.9589132,131,,TRUE,TRUE,TRUE,FALSE,,,
-122.6702372,38.9590812,129,,-122.6702372,38.9590812,129,,TRUE,TRUE,TRUE,FALSE,,,
-122.6667916,38.9592491,135,,-122.6667916,38.9592491,135,,TRUE,TRUE,TRUE,FALSE,,,
-122.663346,38.95941689,137,,-122.663346,38.95941689,137,,TRUE,TRUE,TRUE,FALSE,,,
-122.6599004,38.95958459,140,,-122.6599004,38.95958459,140,,TRUE,TRUE,TRUE,FALSE,,,
-122.6564547,38.95975218,139,,-122.6564547,38.95975218,139,,TRUE,TRUE,TRUE,FALSE,,,
-122.6975846,38.95504433,163,,-122.6975846,38.95504433,163,,TRUE,TRUE,TRUE,FALSE,,,
-122.6941394,38.95521302,141,,-122.6941394,38.95521302,141,,TRUE,TRUE,TRUE,FALSE,,,
-122.6906941,38.95538161,149,,-122.6906941,38.95538161,149,,TRUE,TRUE,TRUE,FALSE,,,
-122.6872489,38.9555501,137,,-122.6872489,38.9555501,137,,TRUE,TRUE,TRUE,FALSE,,,
-122.6838036,38.95571849,130,,-122.6838036,38.95571849,130,,TRUE,TRUE,TRUE,FALSE,,,
-122.6803582,38.95588678,130,,-122.6803582,38.95588678,130,,TRUE,TRUE,TRUE,FALSE,,,
-122.6769129,38.95605496,134,,-122.6769129,38.95605496,134,,TRUE,TRUE,TRUE,FALSE,,,
-122.6734675,38.95622305,134,,-122.6734675,38.95622305,134,,TRUE,TRUE,TRUE,FALSE,,,
-122.6700221,38.95639103,131,,-122.6700221,38.95639103,131,,TRUE,TRUE,TRUE,FALSE,,,
-122.6596857,38.95689437,143,,-122.6596857,38.95689437,143,,TRUE,TRUE,TRUE,FALSE,,,
-122.6562401,38.95706195,143,,-122.6562401,38.95706195,143,,TRUE,TRUE,TRUE,FALSE,,,
-122.6527946,38.95722943,151,,-122.6527946,38.95722943,151,,TRUE,TRUE,TRUE,FALSE,,,
-122.6939234,38.95252296,149,,-122.6939234,38.95252296,149,,TRUE,TRUE,TRUE,FALSE,,,
-122.6904783,38.95269154,160,,-122.6904783,38.95269154,160,,TRUE,TRUE,TRUE,FALSE,,,
-122.6870332,38.95286001,137,,-122.6870332,38.95286001,137,,TRUE,TRUE,TRUE,FALSE,,,
-122.6801428,38.95319665,143,,-122.6801428,38.95319665,143,,TRUE,TRUE,TRUE,FALSE,,,
-122.6766976,38.95336482,144,,-122.6766976,38.95336482,144,,TRUE,TRUE,TRUE,FALSE,,,
-122.669807,38.95370086,145,,-122.669807,38.95370086,145,,TRUE,TRUE,TRUE,FALSE,,,
-122.6663617,38.95386873,140,,-122.6663617,38.95386873,140,,TRUE,TRUE,TRUE,FALSE,,,
-122.6629164,38.95403649,133,,-122.6629164,38.95403649,133,,TRUE,TRUE,TRUE,FALSE,,,
-122.659471,38.95420416,143,,-122.659471,38.95420416,143,,TRUE,TRUE,TRUE,FALSE,,,
-122.6560256,38.95437172,145,,-122.6560256,38.95437172,145,,TRUE,TRUE,TRUE,FALSE,,,
-122.6525802,38.95453918,152,,-122.6525802,38.95453918,152,,TRUE,TRUE,TRUE,FALSE,,,
-122.6491347,38.95470654,158,,-122.6491347,38.95470654,158,,TRUE,TRUE,TRUE,FALSE,,,
-122.6937075,38.94983291,164,,-122.6937075,38.94983291,164,,TRUE,TRUE,TRUE,FALSE,,,
-122.6902625,38.95000146,168,,-122.6902625,38.95000146,168,,TRUE,TRUE,TRUE,FALSE,,,
-122.6868175,38.95016992,143,,-122.6868175,38.95016992,143,,TRUE,TRUE,TRUE,FALSE,,,
-122.6833724,38.95033828,148,,-122.6833724,38.95033828,148,,TRUE,TRUE,TRUE,FALSE,,,
-122.6799274,38.95050653,158,,-122.6799274,38.95050653,158,,TRUE,TRUE,TRUE,FALSE,,,
-122.6764823,38.95067469,166,,-122.6764823,38.95067469,166,,TRUE,TRUE,TRUE,FALSE,,,
-122.6730371,38.95084274,156,,-122.6730371,38.95084274,156,,TRUE,TRUE,TRUE,FALSE,,,
-122.669592,38.95101069,158,,-122.669592,38.95101069,158,,TRUE,TRUE,TRUE,FALSE,,,
-122.6661468,38.95117854,150,,-122.6661468,38.95117854,150,,TRUE,TRUE,TRUE,FALSE,,,
-122.6627016,38.95134629,147,,-122.6627016,38.95134629,147,,TRUE,TRUE,TRUE,FALSE,,,
-122.6558111,38.95168148,142,,-122.6558111,38.95168148,142,,TRUE,TRUE,TRUE,FALSE,,,
-122.6523658,38.95184893,153,,-122.6523658,38.95184893,153,,TRUE,TRUE,TRUE,FALSE,,,
-122.6489205,38.95201628,158,,-122.6489205,38.95201628,158,,TRUE,TRUE,TRUE,FALSE,,,
-122.6866018,38.94747983,153,,-122.6866018,38.94747983,153,,TRUE,TRUE,TRUE,FALSE,,,
-122.6831569,38.94764817,158,,-122.6831569,38.94764817,158,,TRUE,TRUE,TRUE,FALSE,,,
-122.679712,38.94781641,159,,-122.679712,38.94781641,159,,TRUE,TRUE,TRUE,FALSE,,,
-122.676267,38.94798454,162,,-122.676267,38.94798454,162,,TRUE,TRUE,TRUE,FALSE,,,
-122.672822,38.94815258,167,,-122.672822,38.94815258,167,,TRUE,TRUE,TRUE,FALSE,,,
-122.669377,38.94832052,153,,-122.669377,38.94832052,153,,TRUE,TRUE,TRUE,FALSE,,,
-122.6659319,38.94848835,148,,-122.6659319,38.94848835,148,,TRUE,TRUE,TRUE,FALSE,,,
-122.6624868,38.94865608,150,,-122.6624868,38.94865608,150,,TRUE,TRUE,TRUE,FALSE,,,
-122.6590417,38.94882372,150,,-122.6590417,38.94882372,150,,TRUE,TRUE,TRUE,FALSE,,,
-122.6487062,38.94932601,136,,-122.6487062,38.94932601,136,,TRUE,TRUE,TRUE,FALSE,,,
-122.6829414,38.94495806,169,,-122.6829414,38.94495806,169,,TRUE,TRUE,TRUE,FALSE,,,
-122.6794966,38.94512628,165,,-122.6794966,38.94512628,165,,TRUE,TRUE,TRUE,FALSE,,,
-122.6726069,38.94546242,165,,-122.6726069,38.94546242,165,,TRUE,TRUE,TRUE,FALSE,,,
-122.669162,38.94563034,157,,-122.669162,38.94563034,157,,TRUE,TRUE,TRUE,FALSE,,,
-122.6657171,38.94579816,157,,-122.6657171,38.94579816,157,,TRUE,TRUE,TRUE,FALSE,,,
-122.648492,38.94663573,108,,-122.648492,38.94663573,108,,TRUE,TRUE,TRUE,FALSE,,,
-122.6450469,38.94680295,133,,-122.6450469,38.94680295,133,,TRUE,TRUE,TRUE,FALSE,,,
-122.6416018,38.94697006,129,,-122.6416018,38.94697006,129,,TRUE,TRUE,TRUE,FALSE,,,
-122.6381566,38.94713707,134,,-122.6381566,38.94713707,134,,TRUE,TRUE,TRUE,FALSE,,,
-122.6723918,38.94277226,167,,-122.6723918,38.94277226,167,,TRUE,TRUE,TRUE,FALSE,,,
-122.6482778,38.94394546,128,,-122.6482778,38.94394546,128,,TRUE,TRUE,TRUE,FALSE,,,
-122.6448329,38.94411266,138,,-122.6448329,38.94411266,138,,TRUE,TRUE,TRUE,FALSE,,,
-122.6413879,38.94427975,147,,-122.6413879,38.94427975,147,,TRUE,TRUE,TRUE,FALSE,,,
-122.6379428,38.94444675,147,,-122.6379428,38.94444675,147,,TRUE,TRUE,TRUE,FALSE,,,
-122.6515085,38.9410879,180,,-122.6515085,38.9410879,180,,TRUE,TRUE,TRUE,FALSE,,,
-122.6480637,38.94125518,134,,-122.6480637,38.94125518,134,,TRUE,TRUE,TRUE,FALSE,,,
-122.6446188,38.94142236,134,,-122.6446188,38.94142236,134,,TRUE,TRUE,TRUE,FALSE,,,
-122.641174,38.94158944,148,,-122.641174,38.94158944,148,,TRUE,TRUE,TRUE,FALSE,,,
-122.6377291,38.94175642,146,,-122.6377291,38.94175642,146,,TRUE,TRUE,TRUE,FALSE,,,
-122.6478496,38.93856491,154,,-122.6478496,38.93856491,154,,TRUE,TRUE,TRUE,FALSE,,,
-122.6375153,38.93906609,140,,-122.6375153,38.93906609,140,,TRUE,TRUE,TRUE,FALSE,,,
-122.6407463,38.93620882,173,,-122.6407463,38.93620882,173,,TRUE,TRUE,TRUE,FALSE,,,